month,label_name,count
2018-09,sink: aws_s3,1
2018-11,source: new,1
2018-11,sink: elasticsearch,1
2018-11,provider: aws,1
2018-11,needs: requirements,1
2018-11,needs: approval,1
2018-11,have: should,1
2018-11,domain: sources,1
2018-11,domain: logs,1
2018-12,type: feature,1
2018-12,transform: lua,1
2018-12,domain: tests,1
2019-01,domain: metrics,2
2019-01,domain: data model,2
2019-01,type: feature,1
2019-01,type: enhancement,1
2019-01,sink: elasticsearch,1
2019-01,needs: requirements,1
2019-01,domain: topology,1
2019-01,domain: observability,1
2019-01,domain: buffers,1
2019-02,type: enhancement,1
2019-02,domain: topology,1
2019-03,type: enhancement,27
2019-03,sink: http,9
2019-03,domain: topology,9
2019-03,sink: elasticsearch,6
2019-03,type: feature,5
2019-03,source: file,5
2019-03,sink: aws_cloudwatch_logs,5
2019-03,domain: tests,4
2019-03,domain: logs,4
2019-03,domain: data model,4
2019-03,type: tech debt,3
2019-03,source: stdin,3
2019-03,domain: buffers,3
2019-03,type: task,2
2019-03,source: socket,2
2019-03,sink: splunk_hec,2
2019-03,sink: socket,2
2019-03,sink: aws_s3,2
2019-03,sink: aws_kinesis_streams,2
2019-03,source: syslog,1
2019-03,sink: prometheus_exporter,1
2019-03,sink: console,1
2019-03,needs: rfc,1
2019-03,needs: requirements,1
2019-03,needs: approval,1
2019-03,meta: regression,1
2019-03,have: should,1
2019-03,have: nice,1
2019-03,good first issue,1
2019-03,domain: templating,1
2019-03,domain: sinks,1
2019-03,domain: reliability,1
2019-03,domain: performance,1
2019-03,domain: networking,1
2019-03,domain: cli,1
2019-03,domain: ci,1
2019-04,type: enhancement,29
2019-04,domain: observability,9
2019-04,type: feature,5
2019-04,type: bug,5
2019-04,domain: cli,5
2019-04,domain: topology,4
2019-04,domain: data model,4
2019-04,type: tech debt,3
2019-04,source: syslog,3
2019-04,source: socket,3
2019-04,sink: socket,3
2019-04,needs: requirements,3
2019-04,meta: idea,3
2019-04,have: should,3
2019-04,have: must,3
2019-04,domain: networking,3
2019-04,domain: logs,3
2019-04,sink: http,2
2019-04,sink: elasticsearch,2
2019-04,needs: approval,2
2019-04,domain: transforms,2
2019-04,domain: sinks,2
2019-04,domain: config,2
2019-04,type: task,1
2019-04,transform: sample,1
2019-04,sink: splunk_hec,1
2019-04,sink: new,1
2019-04,sink: aws_cloudwatch_logs,1
2019-04,needs: more demand,1
2019-04,meta: feedback,1
2019-04,have: nice,1
2019-04,domain: sources,1
2019-04,domain: reload,1
2019-04,domain: reliability,1
2019-04,domain: metrics,1
2019-04,domain: filtering,1
2019-04,domain: compression,1
2019-04,domain: codecs,1
2019-04,domain: administration,1
2019-04,Epic,1
2019-05,type: enhancement,39
2019-05,type: feature,14
2019-05,type: task,13
2019-05,sink: elasticsearch,11
2019-05,domain: data model,11
2019-05,domain: metrics,9
2019-05,sink: aws_s3,8
2019-05,sink: aws_kinesis_streams,7
2019-05,needs: approval,7
2019-05,sink: splunk_hec,6
2019-05,sink: aws_cloudwatch_logs,6
2019-05,domain: observability,6
2019-05,sink: http,5
2019-05,have: should,5
2019-05,good first issue,5
2019-05,sink: socket,4
2019-05,meta: idea,4
2019-05,domain: config,4
2019-05,domain: cli,4
2019-05,type: tech debt,3
2019-05,transform: log_to_metric,3
2019-05,source: syslog,3
2019-05,sink: kafka,3
2019-05,needs: requirements,3
2019-05,domain: logs,3
2019-05,type: bug,2
2019-05,source: file,2
2019-05,sink: prometheus_exporter,2
2019-05,needs: more demand,2
2019-05,have: nice,2
2019-05,domain: topology,2
2019-05,domain: sources,2
2019-05,domain: setup,2
2019-05,domain: processing,2
2019-05,domain: parsing,2
2019-05,domain: buffers,2
2019-05,source: vector,1
2019-05,source: stdin,1
2019-05,source: socket,1
2019-05,sink: vector,1
2019-05,sink: console,1
2019-05,provider: aws,1
2019-05,have: must,1
2019-05,domain: vrl,1
2019-05,domain: transforms,1
2019-05,domain: tests,1
2019-05,domain: sinks,1
2019-05,domain: reliability,1
2019-05,domain: performance,1
2019-05,domain: filtering,1
2019-05,domain: external docs,1
2019-05,domain: enriching,1
2019-06,type: enhancement,34
2019-06,good first issue,12
2019-06,type: tech debt,6
2019-06,type: bug,5
2019-06,sink: elasticsearch,5
2019-06,sink: aws_s3,5
2019-06,have: should,5
2019-06,domain: data model,5
2019-06,transform: lua,4
2019-06,domain: metrics,4
2019-06,source: file,3
2019-06,sink: http,3
2019-06,sink: aws_cloudwatch_logs,3
2019-06,type: task,2
2019-06,transform: sample,2
2019-06,transform: log_to_metric,2
2019-06,sink: splunk_hec,2
2019-06,sink: socket,2
2019-06,sink: new,2
2019-06,sink: aws_kinesis_streams,2
2019-06,meta: idea,2
2019-06,domain: topology,2
2019-06,domain: tests,2
2019-06,domain: sinks,2
2019-06,domain: logs,2
2019-06,domain: config,2
2019-06,type: feature,1
2019-06,source: vector,1
2019-06,source: syslog,1
2019-06,source: statsd,1
2019-06,sink: vector,1
2019-06,sink: kafka,1
2019-06,sink: console,1
2019-06,needs: requirements,1
2019-06,have: nice,1
2019-06,domain: security,1
2019-06,domain: reload,1
2019-06,domain: processing,1
2019-06,domain: filtering,1
2019-06,domain: dev,1
2019-06,domain: cli,1
2019-07,type: enhancement,20
2019-07,type: feature,17
2019-07,type: bug,11
2019-07,needs: approval,11
2019-07,type: tech debt,10
2019-07,good first issue,9
2019-07,domain: data model,8
2019-07,type: task,7
2019-07,needs: requirements,7
2019-07,sink: aws_cloudwatch_logs,6
2019-07,domain: metrics,6
2019-07,domain: logs,6
2019-07,sink: aws_s3,5
2019-07,domain: tests,5
2019-07,domain: config,5
2019-07,sink: kafka,4
2019-07,sink: new,3
2019-07,have: should,3
2019-07,domain: sources,3
2019-07,domain: sinks,3
2019-07,domain: processing,3
2019-07,domain: observability,3
2019-07,source: file,2
2019-07,domain: transforms,2
2019-07,domain: topology,2
2019-07,domain: buffers,2
2019-07,type: announcement,1
2019-07,transform: lua,1
2019-07,transform: log_to_metric,1
2019-07,source: vector,1
2019-07,source: statsd,1
2019-07,source: new,1
2019-07,sink: vector,1
2019-07,sink: socket,1
2019-07,sink: http,1
2019-07,sink: elasticsearch,1
2019-07,sink: aws_kinesis_streams,1
2019-07,provider: aws,1
2019-07,needs: rfc,1
2019-07,needs: outside help,1
2019-07,needs: more demand,1
2019-07,meta: blocked,1
2019-07,have: must,1
2019-07,domain: security,1
2019-07,domain: reliability,1
2019-07,domain: networking,1
2019-07,domain: healthchecks,1
2019-07,domain: external docs,1
2019-07,domain: codecs,1
2019-07,domain: cli,1
2019-08,type: enhancement,22
2019-08,type: task,11
2019-08,type: tech debt,8
2019-08,type: feature,8
2019-08,needs: approval,8
2019-08,sink: prometheus_exporter,7
2019-08,needs: requirements,7
2019-08,type: bug,6
2019-08,good first issue,6
2019-08,domain: tests,6
2019-08,meta: idea,5
2019-08,have: should,5
2019-08,domain: metrics,4
2019-08,domain: logs,4
2019-08,domain: external docs,4
2019-08,domain: data model,4
2019-08,source: file,3
2019-08,source: syslog,2
2019-08,sink: socket,2
2019-08,sink: http,2
2019-08,provider: aws,2
2019-08,platform: kubernetes,2
2019-08,needs: outside help,2
2019-08,needs: more demand,2
2019-08,domain: sources,2
2019-08,domain: sinks,2
2019-08,domain: reliability,2
2019-08,domain: observability,2
2019-08,domain: networking,2
2019-08,domain: config,2
2019-08,type: announcement,1
2019-08,transform: new,1
2019-08,transform: lua,1
2019-08,source: vector,1
2019-08,source: kafka,1
2019-08,sink: vector,1
2019-08,sink: splunk_hec,1
2019-08,sink: kafka,1
2019-08,sink: clickhouse,1
2019-08,sink: aws_s3,1
2019-08,sink: aws_kinesis_streams,1
2019-08,sink: aws_cloudwatch_metrics,1
2019-08,sink: aws_cloudwatch_logs,1
2019-08,provider: gcp,1
2019-08,platform: docker,1
2019-08,needs: docs,1
2019-08,meta: feedback,1
2019-08,meta: blocked,1
2019-08,have: nice,1
2019-08,domain: transforms,1
2019-08,domain: setup,1
2019-08,domain: processing,1
2019-08,domain: platforms,1
2019-08,domain: dev,1
2019-08,domain: codecs,1
2019-08,domain: cli,1
2019-08,domain: administration,1
2019-09,type: task,16
2019-09,type: bug,16
2019-09,type: enhancement,11
2019-09,type: feature,10
2019-09,needs: approval,9
2019-09,needs: requirements,7
2019-09,meta: idea,7
2019-09,type: help,6
2019-09,good first issue,6
2019-09,domain: config,5
2019-09,sink: elasticsearch,4
2019-09,domain: observability,4
2019-09,have: should,3
2019-09,have: nice,3
2019-09,domain: metrics,3
2019-09,type: tech debt,2
2019-09,source: new,2
2019-09,source: kafka,2
2019-09,source: file,2
2019-09,sink: new,2
2019-09,sink: kafka,2
2019-09,sink: aws_cloudwatch_metrics,2
2019-09,provider: aws,2
2019-09,domain: topology,2
2019-09,domain: setup,2
2019-09,domain: security,2
2019-09,domain: platforms,2
2019-09,domain: data model,2
2019-09,domain: cli,2
2019-09,transform: lua,1
2019-09,source: stdin,1
2019-09,sink: prometheus_exporter,1
2019-09,sink: clickhouse,1
2019-09,needs: more demand,1
2019-09,have: must,1
2019-09,domain: tests,1
2019-09,domain: sources,1
2019-09,domain: sinks,1
2019-09,domain: reliability,1
2019-09,domain: external docs,1
2019-09,domain: ci,1
2019-09,domain: administration,1
2019-10,type: enhancement,45
2019-10,needs: approval,19
2019-10,type: bug,16
2019-10,type: task,12
2019-10,domain: config,12
2019-10,type: feature,11
2019-10,have: should,10
2019-10,good first issue,9
2019-10,domain: observability,9
2019-10,needs: requirements,8
2019-10,meta: idea,8
2019-10,type: tech debt,7
2019-10,source: file,6
2019-10,domain: releasing,6
2019-10,needs: more demand,5
2019-10,domain: topology,4
2019-10,domain: tests,4
2019-10,domain: setup,4
2019-10,domain: security,4
2019-10,domain: logs,4
2019-10,domain: external docs,4
2019-10,sink: elasticsearch,3
2019-10,sink: datadog_metrics,3
2019-10,sink: aws_s3,3
2019-10,domain: sinks,3
2019-10,domain: cli,3
2019-10,domain: administration,3
2019-10,type: help,2
2019-10,source: new,2
2019-10,source: journald,2
2019-10,sink: new,2
2019-10,sink: http,2
2019-10,sink: file,2
2019-10,sink: aws_cloudwatch_logs,2
2019-10,platform: docker,2
2019-10,needs: rfc,2
2019-10,have: nice,2
2019-10,domain: sources,2
2019-10,domain: processing,2
2019-10,domain: metrics,2
2019-10,domain: data model,2
2019-10,domain: ci,2
2019-10,source: vector,1
2019-10,source: socket,1
2019-10,source: kafka,1
2019-10,source: docker_logs,1
2019-10,sink: vector,1
2019-10,sink: statsd,1
2019-10,sink: socket,1
2019-10,sink: kafka,1
2019-10,sink: clickhouse,1
2019-10,sink: aws_kinesis_streams,1
2019-10,sink: aws_cloudwatch_metrics,1
2019-10,provider: aws,1
2019-10,meta: regression,1
2019-10,meta: feedback,1
2019-10,domain: transforms,1
2019-10,domain: platforms,1
2019-10,domain: parsing,1
2019-10,domain: networking,1
2019-10,domain: internal docs,1
2019-10,domain: dev,1
2019-10,Epic,1
2019-11,type: task,13
2019-11,type: enhancement,13
2019-11,type: bug,9
2019-11,type: feature,8
2019-11,needs: approval,8
2019-11,domain: tests,8
2019-11,type: tech debt,7
2019-11,domain: config,7
2019-11,have: should,6
2019-11,good first issue,6
2019-11,domain: data model,6
2019-11,sink: elasticsearch,5
2019-11,needs: requirements,5
2019-11,meta: idea,5
2019-11,type: help,4
2019-11,source: new,3
2019-11,domain: observability,3
2019-11,domain: metrics,3
2019-11,domain: logs,3
2019-11,domain: ci,3
2019-11,sink: new,2
2019-11,sink: aws_kinesis_streams,2
2019-11,platform: windows,2
2019-11,needs: docs,2
2019-11,have: nice,2
2019-11,domain: transforms,2
2019-11,domain: sinks,2
2019-11,domain: releasing,2
2019-11,domain: dev,2
2019-11,domain: buffers,2
2019-11,transform: lua,1
2019-11,source: windows_event_log,1
2019-11,source: vector,1
2019-11,source: stdin,1
2019-11,source: socket,1
2019-11,source: kafka,1
2019-11,source: journald,1
2019-11,source: file,1
2019-11,sink: vector,1
2019-11,sink: socket,1
2019-11,sink: kafka,1
2019-11,sink: http,1
2019-11,sink: console,1
2019-11,sink: aws_s3,1
2019-11,sink: aws_cloudwatch_metrics,1
2019-11,sink: aws_cloudwatch_logs,1
2019-11,provider: aws,1
2019-11,needs: rfc,1
2019-11,needs: more demand,1
2019-11,meta: blocked,1
2019-11,domain: topology,1
2019-11,domain: sources,1
2019-11,domain: setup,1
2019-11,domain: processing,1
2019-11,domain: platforms,1
2019-11,domain: parsing,1
2019-11,domain: networking,1
2019-11,domain: external docs,1
2019-11,domain: enriching,1
2019-11,domain: cli,1
2019-11,domain: auth,1
2019-12,type: enhancement,34
2019-12,needs: approval,19
2019-12,needs: requirements,16
2019-12,have: should,14
2019-12,type: task,13
2019-12,domain: logs,13
2019-12,domain: data model,12
2019-12,domain: config,12
2019-12,domain: sinks,11
2019-12,type: tech debt,10
2019-12,good first issue,9
2019-12,type: feature,8
2019-12,type: bug,8
2019-12,domain: metrics,7
2019-12,sink: new,6
2019-12,domain: transforms,6
2019-12,domain: tests,5
2019-12,domain: networking,5
2019-12,source: new,4
2019-12,source: file,4
2019-12,sink: aws_s3,4
2019-12,meta: idea,4
2019-12,meta: feedback,4
2019-12,have: nice,4
2019-12,domain: security,4
2019-12,domain: ci,4
2019-12,platform: docker,3
2019-12,type: help,2
2019-12,transform: new,2
2019-12,transform: lua,2
2019-12,source: splunk_hec,2
2019-12,source: journald,2
2019-12,sink: statsd,2
2019-12,sink: prometheus_exporter,2
2019-12,sink: kafka,2
2019-12,sink: http,2
2019-12,sink: datadog_metrics,2
2019-12,sink: aws_kinesis_streams,2
2019-12,sink: aws_kinesis_firehose,2
2019-12,sink: aws_cloudwatch_logs,2
2019-12,platform: windows,2
2019-12,platform: kubernetes,2
2019-12,needs: outside help,2
2019-12,needs: more demand,2
2019-12,meta: blocked,2
2019-12,domain: topology,2
2019-12,domain: templating,2
2019-12,domain: sources,2
2019-12,domain: setup,2
2019-12,domain: processing,2
2019-12,domain: performance,2
2019-12,domain: parsing,2
2019-12,domain: observability,2
2019-12,domain: external docs,2
2019-12,domain: codecs,2
2019-12,domain: buffers,2
2019-12,transform: log_to_metric,1
2019-12,source: syslog,1
2019-12,source: statsd,1
2019-12,sink: vector,1
2019-12,sink: socket,1
2019-12,sink: file,1
2019-12,sink: elasticsearch,1
2019-12,sink: clickhouse,1
2019-12,sink: aws_cloudwatch_metrics,1
2019-12,platform: arm64,1
2019-12,needs: rfc,1
2019-12,needs: investigation,1
2019-12,have: must,1
2019-12,domain: releasing,1
2019-12,domain: enriching,1
2019-12,domain: dev,1
2019-12,domain: cli,1
2020-01,type: enhancement,21
2020-01,needs: approval,21
2020-01,type: task,18
2020-01,type: tech debt,16
2020-01,needs: requirements,14
2020-01,domain: data model,14
2020-01,good first issue,13
2020-01,domain: logs,10
2020-01,type: feature,9
2020-01,domain: tests,9
2020-01,domain: sinks,9
2020-01,have: should,8
2020-01,meta: idea,7
2020-01,have: nice,7
2020-01,type: bug,6
2020-01,source: journald,6
2020-01,domain: security,6
2020-01,domain: releasing,6
2020-01,domain: metrics,6
2020-01,domain: external docs,5
2020-01,type: help,4
2020-01,source: new,4
2020-01,platform: docker,4
2020-01,domain: sources,4
2020-01,domain: networking,4
2020-01,domain: ci,4
2020-01,source: vector,3
2020-01,sink: aws_s3,3
2020-01,sink: aws_kinesis_streams,3
2020-01,sink: aws_kinesis_firehose,3
2020-01,sink: aws_cloudwatch_logs,3
2020-01,provider: aws,3
2020-01,domain: transforms,3
2020-01,domain: parsing,3
2020-01,domain: observability,3
2020-01,transform: lua,2
2020-01,transform: log_to_metric,2
2020-01,source: kafka,2
2020-01,sink: vector,2
2020-01,sink: splunk_hec,2
2020-01,sink: kafka,2
2020-01,sink: elasticsearch,2
2020-01,sink: aws_cloudwatch_metrics,2
2020-01,needs: more demand,2
2020-01,domain: processing,2
2020-01,domain: config,2
2020-01,transform: sample,1
2020-01,transform: new,1
2020-01,transform: aws_ec2_metadata,1
2020-01,source: statsd,1
2020-01,source: socket,1
2020-01,sink: statsd,1
2020-01,sink: socket,1
2020-01,sink: new_relic_logs,1
2020-01,sink: new,1
2020-01,sink: gcp_pubsub,1
2020-01,sink: gcp_cloud_storage,1
2020-01,sink: file,1
2020-01,sink: datadog_metrics,1
2020-01,sink: clickhouse,1
2020-01,provider: gcp,1
2020-01,platform: windows,1
2020-01,meta: feedback,1
2020-01,meta: blocked,1
2020-01,have: must,1
2020-01,domain: vrl,1
2020-01,domain: topology,1
2020-01,domain: setup,1
2020-01,domain: reliability,1
2020-01,domain: platforms,1
2020-01,domain: performance,1
2020-01,domain: enriching,1
2020-01,domain: buffers,1
2020-01,domain: auth,1
2020-02,type: enhancement,55
2020-02,needs: approval,31
2020-02,type: task,28
2020-02,good first issue,22
2020-02,domain: config,21
2020-02,type: tech debt,18
2020-02,needs: requirements,16
2020-02,have: should,16
2020-02,meta: idea,15
2020-02,type: bug,14
2020-02,domain: tests,13
2020-02,domain: observability,12
2020-02,domain: cli,11
2020-02,type: feature,10
2020-02,meta: feedback,8
2020-02,have: nice,8
2020-02,domain: transforms,8
2020-02,domain: networking,8
2020-02,needs: more demand,7
2020-02,domain: performance,7
2020-02,domain: ci,7
2020-02,source: kafka,6
2020-02,sink: kafka,6
2020-02,domain: sinks,6
2020-02,source: file,5
2020-02,sink: aws_s3,5
2020-02,domain: templating,5
2020-02,domain: security,5
2020-02,domain: releasing,5
2020-02,domain: external docs,5
2020-02,domain: data model,5
2020-02,transform: lua,4
2020-02,source: splunk_hec,3
2020-02,sink: splunk_hec,3
2020-02,sink: elasticsearch,3
2020-02,sink: clickhouse,3
2020-02,platform: docker,3
2020-02,domain: sources,3
2020-02,domain: reliability,3
2020-02,domain: processing,3
2020-02,domain: logs,3
2020-02,type: help,2
2020-02,source: journald,2
2020-02,sink: new,2
2020-02,sink: datadog_metrics,2
2020-02,sink: aws_cloudwatch_logs,2
2020-02,provider: aws,2
2020-02,platform: windows,2
2020-02,have: must,2
2020-02,domain: topology,2
2020-02,domain: setup,2
2020-02,domain: metrics,2
2020-02,transform: sample,1
2020-02,transform: new,1
2020-02,transform: aws_ec2_metadata,1
2020-02,source: stdin,1
2020-02,source: kubernetes_logs,1
2020-02,source: heroku_logs,1
2020-02,sink: socket,1
2020-02,sink: new_relic_logs,1
2020-02,sink: loki,1
2020-02,sink: http,1
2020-02,sink: gcp_pubsub,1
2020-02,sink: aws_kinesis_streams,1
2020-02,sink: aws_kinesis_firehose,1
2020-02,sink: aws_cloudwatch_metrics,1
2020-02,provider: splunk,1
2020-02,provider: sematext,1
2020-02,provider: azure,1
2020-02,platform: kubernetes,1
2020-02,needs: outside help,1
2020-02,meta: blocked,1
2020-02,domain: vrl,1
2020-02,domain: reload,1
2020-02,domain: healthchecks,1
2020-02,domain: filtering,1
2020-02,domain: enriching,1
2020-02,domain: dev,1
2020-02,domain: codecs,1
2020-02,domain: buffers,1
2020-03,type: enhancement,46
2020-03,needs: approval,23
2020-03,type: task,21
2020-03,meta: feedback,18
2020-03,have: should,16
2020-03,type: tech debt,15
2020-03,needs: requirements,12
2020-03,domain: config,12
2020-03,type: bug,10
2020-03,domain: tests,10
2020-03,domain: networking,10
2020-03,domain: sinks,9
2020-03,meta: idea,8
2020-03,have: nice,8
2020-03,domain: performance,8
2020-03,type: feature,7
2020-03,domain: observability,7
2020-03,sink: file,6
2020-03,domain: metrics,6
2020-03,domain: data model,6
2020-03,needs: rfc,5
2020-03,needs: more demand,5
2020-03,domain: security,5
2020-03,source: socket,4
2020-03,source: file,4
2020-03,have: must,4
2020-03,domain: vrl,4
2020-03,domain: transforms,4
2020-03,domain: topology,4
2020-03,domain: reliability,4
2020-03,domain: external docs,4
2020-03,type: help,3
2020-03,sink: vector,3
2020-03,sink: splunk_hec,3
2020-03,domain: sources,3
2020-03,domain: setup,3
2020-03,domain: processing,3
2020-03,domain: cli,3
2020-03,transform: lua,2
2020-03,source: vector,2
2020-03,sink: socket,2
2020-03,sink: prometheus_exporter,2
2020-03,sink: kafka,2
2020-03,sink: humio_logs,2
2020-03,platform: kubernetes,2
2020-03,meta: regression,2
2020-03,meta: blocked,2
2020-03,good first issue,2
2020-03,domain: templating,2
2020-03,domain: releasing,2
2020-03,domain: parsing,2
2020-03,domain: ci,2
2020-03,transform: tag_cardinality_limit,1
2020-03,transform: route,1
2020-03,transform: remap,1
2020-03,transform: filter,1
2020-03,source: syslog,1
2020-03,source: statsd,1
2020-03,source: prometheus_scrape,1
2020-03,source: kafka,1
2020-03,source: journald,1
2020-03,sink: statsd,1
2020-03,sink: http,1
2020-03,sink: elasticsearch,1
2020-03,sink: console,1
2020-03,sink: clickhouse,1
2020-03,sink: aws_s3,1
2020-03,sink: aws_cloudwatch_logs,1
2020-03,provider: aws,1
2020-03,platform: rpm,1
2020-03,platform: dpkg,1
2020-03,domain: reload,1
2020-03,domain: logs,1
2020-03,domain: dev,1
2020-03,domain: auth,1
2020-04,type: enhancement,45
2020-04,needs: approval,39
2020-04,type: task,35
2020-04,type: bug,33
2020-04,have: should,32
2020-04,have: nice,18
2020-04,have: must,17
2020-04,type: help,16
2020-04,domain: sinks,15
2020-04,domain: external docs,14
2020-04,type: tech debt,13
2020-04,meta: idea,13
2020-04,domain: networking,13
2020-04,domain: logs,13
2020-04,domain: security,12
2020-04,domain: data model,11
2020-04,domain: config,11
2020-04,transform: lua,10
2020-04,domain: tests,10
2020-04,meta: feedback,9
2020-04,needs: requirements,7
2020-04,needs: more demand,7
2020-04,sink: gcp_cloud_storage,6
2020-04,sink: datadog_metrics,6
2020-04,type: feature,5
2020-04,sink: aws_cloudwatch_logs,5
2020-04,needs: rfc,5
2020-04,domain: transforms,5
2020-04,domain: sources,5
2020-04,domain: performance,5
2020-04,domain: enriching,5
2020-04,domain: ci,5
2020-04,sink: splunk_hec,4
2020-04,sink: socket,4
2020-04,provider: gcp,4
2020-04,domain: parsing,4
2020-04,domain: observability,4
2020-04,source: journald,3
2020-04,source: demo_logs,3
2020-04,sink: pulsar,3
2020-04,sink: kafka,3
2020-04,sink: gcp_stackdriver_logs,3
2020-04,sink: gcp_pubsub,3
2020-04,sink: elasticsearch,3
2020-04,sink: datadog_logs,3
2020-04,sink: aws_kinesis_streams,3
2020-04,provider: aws,3
2020-04,good first issue,3
2020-04,domain: releasing,3
2020-04,domain: processing,3
2020-04,domain: metrics,3
2020-04,transform: aws_ec2_metadata,2
2020-04,source: prometheus_scrape,2
2020-04,sink: new,2
2020-04,sink: influxdb_metrics,2
2020-04,sink: aws_kinesis_firehose,2
2020-04,sink: aws_cloudwatch_metrics,2
2020-04,provider: azure,2
2020-04,meta: blocked,2
2020-04,domain: vrl,2
2020-04,domain: schemas,2
2020-04,domain: reliability,2
2020-04,domain: dev,2
2020-04,transform: filter,1
2020-04,source: syslog,1
2020-04,source: splunk_hec,1
2020-04,source: socket,1
2020-04,source: http_server,1
2020-04,source: heroku_logs,1
2020-04,source: file,1
2020-04,sink: papertrail,1
2020-04,sink: http,1
2020-04,sink: clickhouse,1
2020-04,sink: aws_s3,1
2020-04,provider: papertrail,1
2020-04,platform: windows,1
2020-04,meta: regression,1
2020-04,meta: breaking change,1
2020-04,domain: templating,1
2020-04,domain: privacy,1
2020-04,domain: deps,1
2020-04,domain: compression,1
2020-04,domain: cli,1
2020-04,domain: buffers,1
2020-04,domain: auth,1
2020-05,type: bug,22
2020-05,type: task,19
2020-05,type: enhancement,16
2020-05,type: help,14
2020-05,have: should,13
2020-05,needs: approval,11
2020-05,domain: sinks,10
2020-05,needs: requirements,6
2020-05,meta: feedback,6
2020-05,domain: topology,6
2020-05,domain: tests,6
2020-05,domain: networking,6
2020-05,type: tech debt,5
2020-05,have: must,5
2020-05,domain: performance,5
2020-05,domain: metrics,5
2020-05,sink: loki,4
2020-05,sink: elasticsearch,4
2020-05,needs: rfc,4
2020-05,meta: idea,4
2020-05,domain: data model,4
2020-05,domain: ci,4
2020-05,source: syslog,3
2020-05,sink: humio_logs,3
2020-05,sink: http,3
2020-05,sink: aws_s3,3
2020-05,domain: observability,3
2020-05,source: splunk_hec,2
2020-05,source: socket,2
2020-05,source: new,2
2020-05,source: kafka,2
2020-05,source: http_server,2
2020-05,source: file,2
2020-05,sink: splunk_hec,2
2020-05,sink: pulsar,2
2020-05,sink: kafka,2
2020-05,sink: gcp_stackdriver_logs,2
2020-05,sink: datadog_metrics,2
2020-05,provider: elastic,2
2020-05,needs: more demand,2
2020-05,meta: blocked,2
2020-05,have: nice,2
2020-05,domain: security,2
2020-05,domain: releasing,2
2020-05,domain: logs,2
2020-05,type: feature,1
2020-05,transform: lua,1
2020-05,transform: log_to_metric,1
2020-05,transform: aws_ec2_metadata,1
2020-05,source: vector,1
2020-05,source: statsd,1
2020-05,source: prometheus_scrape,1
2020-05,source: journald,1
2020-05,source: heroku_logs,1
2020-05,sink: vector,1
2020-05,sink: statsd,1
2020-05,sink: socket,1
2020-05,sink: sematext_logs,1
2020-05,sink: prometheus_exporter,1
2020-05,sink: papertrail,1
2020-05,sink: new,1
2020-05,sink: influxdb_metrics,1
2020-05,sink: honeycomb,1
2020-05,sink: gcp_pubsub,1
2020-05,sink: gcp_cloud_storage,1
2020-05,sink: clickhouse,1
2020-05,sink: aws_kinesis_streams,1
2020-05,sink: aws_kinesis_firehose,1
2020-05,sink: aws_cloudwatch_metrics,1
2020-05,sink: aws_cloudwatch_logs,1
2020-05,provider: splunk,1
2020-05,provider: gcp,1
2020-05,provider: datadog,1
2020-05,provider: aws,1
2020-05,platform: ubuntu,1
2020-05,platform: debian,1
2020-05,good first issue,1
2020-05,domain: transforms,1
2020-05,domain: sources,1
2020-05,domain: healthchecks,1
2020-05,domain: external docs,1
2020-05,domain: dev,1
2020-05,domain: config,1
2020-06,type: bug,24
2020-06,needs: approval,16
2020-06,type: enhancement,15
2020-06,type: task,13
2020-06,have: should,10
2020-06,domain: logs,10
2020-06,type: tech debt,9
2020-06,have: must,9
2020-06,type: help,8
2020-06,domain: data model,8
2020-06,meta: idea,7
2020-06,sink: aws_cloudwatch_logs,6
2020-06,have: nice,5
2020-06,domain: external docs,5
2020-06,needs: rfc,4
2020-06,needs: requirements,4
2020-06,domain: sinks,4
2020-06,domain: releasing,4
2020-06,domain: performance,4
2020-06,domain: observability,4
2020-06,domain: networking,4
2020-06,domain: ci,4
2020-06,type: feature,3
2020-06,transform: filter,3
2020-06,provider: aws,3
2020-06,platform: windows,3
2020-06,platform: docker,3
2020-06,domain: topology,3
2020-06,domain: platforms,3
2020-06,domain: config,3
2020-06,transform: lua,2
2020-06,source: socket,2
2020-06,source: heroku_logs,2
2020-06,source: file,2
2020-06,sink: loki,2
2020-06,sink: humio_logs,2
2020-06,sink: elasticsearch,2
2020-06,provider: heroku,2
2020-06,platform: kubernetes,2
2020-06,needs: more demand,2
2020-06,meta: feedback,2
2020-06,domain: transforms,2
2020-06,domain: tests,2
2020-06,transform: route,1
2020-06,transform: new,1
2020-06,source: splunk_hec,1
2020-06,source: kubernetes_logs,1
2020-06,source: kafka,1
2020-06,source: journald,1
2020-06,source: http_server,1
2020-06,source: docker_logs,1
2020-06,sink: splunk_hec,1
2020-06,sink: socket,1
2020-06,sink: prometheus_exporter,1
2020-06,sink: kafka,1
2020-06,sink: influxdb_metrics,1
2020-06,sink: http,1
2020-06,sink: gcp_pubsub,1
2020-06,sink: file,1
2020-06,sink: console,1
2020-06,sink: aws_s3,1
2020-06,sink: aws_kinesis_streams,1
2020-06,sink: aws_kinesis_firehose,1
2020-06,provider: influxdata,1
2020-06,platform: x86_64,1
2020-06,platform: ubuntu,1
2020-06,platform: rpm,1
2020-06,platform: rhel,1
2020-06,platform: raspbian,1
2020-06,platform: nixos,1
2020-06,platform: nix,1
2020-06,platform: macos,1
2020-06,platform: homebrew,1
2020-06,platform: dpkg,1
2020-06,platform: debian,1
2020-06,platform: centos,1
2020-06,platform: arm64,1
2020-06,domain: sources,1
2020-06,domain: metrics,1
2020-06,domain: enriching,1
2020-06,domain: codecs,1
2020-06,domain: auth,1
2020-07,type: enhancement,44
2020-07,type: task,41
2020-07,have: should,38
2020-07,type: bug,32
2020-07,domain: observability,26
2020-07,type: tech debt,22
2020-07,type: help,16
2020-07,domain: topology,14
2020-07,domain: tests,14
2020-07,type: feature,11
2020-07,needs: approval,10
2020-07,domain: releasing,10
2020-07,meta: idea,9
2020-07,domain: ci,9
2020-07,platform: kubernetes,8
2020-07,have: nice,8
2020-07,have: must,8
2020-07,domain: sources,8
2020-07,domain: external docs,8
2020-07,domain: config,8
2020-07,source: file,7
2020-07,domain: metrics,7
2020-07,domain: parsing,6
2020-07,source: prometheus_scrape,5
2020-07,sink: aws_s3,5
2020-07,needs: requirements,5
2020-07,meta: blocked,5
2020-07,domain: sinks,5
2020-07,domain: performance,5
2020-07,transform: reduce,4
2020-07,source: syslog,4
2020-07,source: socket,4
2020-07,sink: humio_logs,4
2020-07,platform: windows,4
2020-07,domain: transforms,4
2020-07,domain: platforms,4
2020-07,domain: logs,4
2020-07,domain: data model,4
2020-07,domain: cli,4
2020-07,domain: buffers,4
2020-07,source: kafka,3
2020-07,sink: statsd,3
2020-07,sink: pulsar,3
2020-07,platform: docker,3
2020-07,meta: feedback,3
2020-07,good first issue,3
2020-07,domain: setup,3
2020-07,source: stdin,2
2020-07,source: journald,2
2020-07,sink: splunk_hec,2
2020-07,sink: loki,2
2020-07,sink: kafka,2
2020-07,sink: gcp_cloud_storage,2
2020-07,provider: humio,2
2020-07,needs: rfc,2
2020-07,meta: breaking change,2
2020-07,domain: security,2
2020-07,domain: processing,2
2020-07,domain: networking,2
2020-07,domain: dev,2
2020-07,transform: route,1
2020-07,transform: lua,1
2020-07,source: vector,1
2020-07,source: statsd,1
2020-07,source: splunk_hec,1
2020-07,source: new,1
2020-07,source: http_server,1
2020-07,source: heroku_logs,1
2020-07,sink: socket,1
2020-07,sink: prometheus_exporter,1
2020-07,sink: new,1
2020-07,sink: gcp_stackdriver_logs,1
2020-07,sink: gcp_pubsub,1
2020-07,sink: file,1
2020-07,sink: elasticsearch,1
2020-07,sink: datadog_metrics,1
2020-07,sink: clickhouse,1
2020-07,provider: datadog,1
2020-07,provider: azure,1
2020-07,provider: aws,1
2020-07,platform: helm,1
2020-07,needs: outside help,1
2020-07,needs: more demand,1
2020-07,domain: vrl,1
2020-07,domain: reliability,1
2020-07,domain: internal docs,1
2020-07,domain: filtering,1
2020-07,domain: enriching,1
2020-07,domain: deps,1
2020-07,domain: compression,1
2020-07,domain: administration,1
2020-08,type: enhancement,89
2020-08,domain: observability,36
2020-08,type: bug,32
2020-08,have: should,22
2020-08,type: task,20
2020-08,domain: metrics,17
2020-08,domain: networking,15
2020-08,domain: sources,12
2020-08,needs: approval,11
2020-08,platform: kubernetes,10
2020-08,have: must,10
2020-08,domain: tests,10
2020-08,domain: external docs,10
2020-08,source: file,9
2020-08,domain: processing,9
2020-08,domain: config,9
2020-08,type: tech debt,8
2020-08,type: feature,7
2020-08,needs: requirements,6
2020-08,domain: sinks,6
2020-08,domain: releasing,6
2020-08,domain: performance,6
2020-08,domain: ci,6
2020-08,sink: socket,5
2020-08,meta: feedback,5
2020-08,domain: vrl,5
2020-08,domain: setup,5
2020-08,domain: logs,5
2020-08,domain: codecs,5
2020-08,type: help,4
2020-08,source: socket,4
2020-08,source: new,4
2020-08,platform: docker,4
2020-08,meta: idea,4
2020-08,domain: internal docs,4
2020-08,sink: http,3
2020-08,sink: elasticsearch,3
2020-08,needs: rfc,3
2020-08,domain: transforms,3
2020-08,transform: lua,2
2020-08,source: kubernetes_logs,2
2020-08,source: journald,2
2020-08,sink: prometheus_exporter,2
2020-08,sink: new,2
2020-08,sink: kafka,2
2020-08,provider: aws,2
2020-08,needs: more demand,2
2020-08,needs: docs,2
2020-08,meta: blocked,2
2020-08,have: nice,2
2020-08,domain: enriching,2
2020-08,domain: data model,2
2020-08,domain: buffers,2
2020-08,domain: administration,2
2020-08,transform: tag_cardinality_limit,1
2020-08,transform: sample,1
2020-08,transform: route,1
2020-08,transform: filter,1
2020-08,transform: dedupe,1
2020-08,transform: aws_ec2_metadata,1
2020-08,source: syslog,1
2020-08,source: stdin,1
2020-08,source: kafka,1
2020-08,source: http_server,1
2020-08,source: docker_logs,1
2020-08,source: demo_logs,1
2020-08,sink: statsd,1
2020-08,sink: papertrail,1
2020-08,sink: humio_logs,1
2020-08,sink: file,1
2020-08,sink: datadog_metrics,1
2020-08,sink: datadog_logs,1
2020-08,sink: clickhouse,1
2020-08,sink: aws_s3,1
2020-08,sink: aws_cloudwatch_logs,1
2020-08,platform: windows,1
2020-08,platform: ubuntu,1
2020-08,platform: rpm,1
2020-08,platform: macos,1
2020-08,platform: debian,1
2020-08,good first issue,1
2020-08,domain: topology,1
2020-08,domain: templating,1
2020-08,domain: shutdown,1
2020-08,domain: schemas,1
2020-08,domain: reload,1
2020-08,domain: parsing,1
2020-08,domain: healthchecks,1
2020-08,domain: filtering,1
2020-08,domain: dev,1
2020-08,domain: compression,1
2020-08,domain: cli,1
2020-08,domain: auth,1
2020-08,domain: architecture,1
2020-08,Epic,1
2020-09,type: feature,75
2020-09,type: bug,56
2020-09,Epic,50
2020-09,type: enhancement,49
2020-09,domain: vrl,41
2020-09,domain: processing,31
2020-09,type: task,30
2020-09,transform: remap,27
2020-09,platform: kubernetes,27
2020-09,domain: metrics,22
2020-09,type: tech debt,20
2020-09,needs: approval,20
2020-09,domain: config,19
2020-09,domain: tests,18
2020-09,have: should,16
2020-09,domain: external docs,16
2020-09,source: new,13
2020-09,domain: sources,12
2020-09,domain: logs,11
2020-09,source: kubernetes_logs,10
2020-09,domain: sinks,10
2020-09,domain: observability,10
2020-09,domain: networking,10
2020-09,domain: setup,9
2020-09,have: must,7
2020-09,domain: performance,7
2020-09,domain: ci,7
2020-09,source: http_server,6
2020-09,needs: rfc,6
2020-09,domain: data model,6
2020-09,domain: administration,6
2020-09,meta: idea,5
2020-09,meta: feedback,5
2020-09,have: nice,5
2020-09,domain: transforms,5
2020-09,domain: codecs,5
2020-09,source: journald,4
2020-09,sink: aws_s3,4
2020-09,provider: aws,4
2020-09,domain: security,4
2020-09,domain: parsing,4
2020-09,domain: dev,4
2020-09,domain: cli,4
2020-09,source: prometheus_scrape,3
2020-09,source: kafka,3
2020-09,source: file,3
2020-09,sink: datadog_logs,3
2020-09,platform: docker,3
2020-09,needs: more demand,3
2020-09,meta: regression,3
2020-09,domain: reload,3
2020-09,domain: internal docs,3
2020-09,transform: route,2
2020-09,source: syslog,2
2020-09,source: stdin,2
2020-09,sink: gcp_cloud_storage,2
2020-09,sink: elasticsearch,2
2020-09,sink: aws_kinesis_streams,2
2020-09,sink: aws_kinesis_firehose,2
2020-09,sink: aws_cloudwatch_metrics,2
2020-09,sink: aws_cloudwatch_logs,2
2020-09,meta: blocked,2
2020-09,good first issue,2
2020-09,domain: traces,2
2020-09,domain: topology,2
2020-09,domain: templating,2
2020-09,domain: buffers,2
2020-09,domain: architecture,2
2020-09,type: help,1
2020-09,transform: log_to_metric,1
2020-09,source: socket,1
2020-09,sink: prometheus_exporter,1
2020-09,sink: new,1
2020-09,sink: loki,1
2020-09,sink: kafka,1
2020-09,sink: influxdb_metrics,1
2020-09,sink: humio_logs,1
2020-09,sink: honeycomb,1
2020-09,sink: datadog_metrics,1
2020-09,sink: blackhole,1
2020-09,provider: splunk,1
2020-09,provider: gcp,1
2020-09,provider: elastic,1
2020-09,provider: datadog,1
2020-09,platform: rpm,1
2020-09,platform: macos,1
2020-09,platform: heroku,1
2020-09,platform: helm,1
2020-09,platform: debian,1
2020-09,platform: centos,1
2020-09,needs: tests,1
2020-09,needs: requirements,1
2020-09,domain: reliability,1
2020-09,domain: releasing,1
2020-09,domain: healthchecks,1
2020-09,domain: enriching,1
2020-09,domain: auth,1
2020-09,domain: ARC,1
2020-10,type: enhancement,55
2020-10,type: feature,47
2020-10,type: bug,43
2020-10,type: task,41
2020-10,domain: vrl,39
2020-10,transform: remap,23
2020-10,platform: kubernetes,21
2020-10,needs: approval,17
2020-10,have: should,17
2020-10,domain: observability,17
2020-10,domain: external docs,16
2020-10,domain: tests,10
2020-10,domain: ci,9
2020-10,have: must,8
2020-10,domain: sources,7
2020-10,domain: processing,7
2020-10,domain: config,7
2020-10,domain: administration,7
2020-10,type: tech debt,6
2020-10,transform: reduce,6
2020-10,source: new,6
2020-10,sink: prometheus_exporter,6
2020-10,provider: aws,6
2020-10,source: file,5
2020-10,have: nice,5
2020-10,domain: sinks,5
2020-10,domain: performance,5
2020-10,domain: metrics,5
2020-10,vrl: stdlib,4
2020-10,source: journald,4
2020-10,sink: socket,4
2020-10,domain: transforms,4
2020-10,transform: route,3
2020-10,source: syslog,3
2020-10,source: kubernetes_logs,3
2020-10,source: docker_logs,3
2020-10,sink: aws_s3,3
2020-10,platform: windows,3
2020-10,platform: debian,3
2020-10,meta: idea,3
2020-10,domain: security,3
2020-10,domain: releasing,3
2020-10,domain: internal docs,3
2020-10,transform: lua,2
2020-10,source: heroku_logs,2
2020-10,sink: new_relic_logs,2
2020-10,sink: file,2
2020-10,provider: splunk,2
2020-10,provider: elastic,2
2020-10,provider: azure,2
2020-10,platform: rpm,2
2020-10,needs: requirements,2
2020-10,domain: setup,2
2020-10,domain: parsing,2
2020-10,domain: networking,2
2020-10,domain: logs,2
2020-10,domain: healthchecks,2
2020-10,domain: enriching,2
2020-10,domain: architecture,2
2020-10,Epic,2
2020-10,vrl: parser,1
2020-10,vrl: compiler,1
2020-10,type: help,1
2020-10,transform: sample,1
2020-10,transform: new,1
2020-10,transform: filter,1
2020-10,transform: aws_ec2_metadata,1
2020-10,source: socket,1
2020-10,source: prometheus_scrape,1
2020-10,source: mongodb_metrics,1
2020-10,source: http_server,1
2020-10,source: apache_metrics,1
2020-10,sink: splunk_hec,1
2020-10,sink: pulsar,1
2020-10,sink: new,1
2020-10,sink: loki,1
2020-10,sink: kafka,1
2020-10,sink: http,1
2020-10,sink: elasticsearch,1
2020-10,sink: datadog_metrics,1
2020-10,sink: datadog_logs,1
2020-10,sink: blackhole,1
2020-10,sink: azure_monitor_logs,1
2020-10,sink: aws_kinesis_streams,1
2020-10,sink: aws_kinesis_firehose,1
2020-10,sink: aws_cloudwatch_metrics,1
2020-10,sink: aws_cloudwatch_logs,1
2020-10,provider: honeycomb,1
2020-10,provider: heroku,1
2020-10,provider: gcp,1
2020-10,platform: heroku,1
2020-10,platform: docker,1
2020-10,platform: amazon-linux,1
2020-10,needs: rfc,1
2020-10,needs: more demand,1
2020-10,meta: blocked,1
2020-10,good first issue,1
2020-10,domain: privacy,1
2020-10,domain: platforms,1
2020-10,domain: deps,1
2020-10,domain: codecs,1
2020-10,domain: cli,1
2020-10,domain: buffers,1
2020-10,domain: auth,1
2020-10,domain: api,1
2020-11,type: enhancement,112
2020-11,domain: observability,42
2020-11,type: task,29
2020-11,type: bug,28
2020-11,have: should,20
2020-11,platform: kubernetes,17
2020-11,domain: vrl,17
2020-11,domain: config,17
2020-11,needs: approval,13
2020-11,have: must,12
2020-11,domain: external docs,12
2020-11,source: file,10
2020-11,type: feature,8
2020-11,domain: tests,8
2020-11,domain: metrics,8
2020-11,meta: idea,6
2020-11,domain: networking,6
2020-11,type: tech debt,5
2020-11,sink: socket,5
2020-11,sink: elasticsearch,5
2020-11,needs: requirements,5
2020-11,domain: sinks,5
2020-11,domain: setup,5
2020-11,domain: administration,5
2020-11,source: syslog,4
2020-11,domain: sources,4
2020-11,domain: performance,4
2020-11,domain: api,4
2020-11,transform: reduce,3
2020-11,source: prometheus_scrape,3
2020-11,source: kafka,3
2020-11,source: http_server,3
2020-11,source: host_metrics,3
2020-11,sink: prometheus_exporter,3
2020-11,sink: loki,3
2020-11,sink: gcp_pubsub,3
2020-11,sink: clickhouse,3
2020-11,sink: aws_s3,3
2020-11,platform: windows,3
2020-11,platform: helm,3
2020-11,needs: more demand,3
2020-11,meta: blocked,3
2020-11,domain: topology,3
2020-11,domain: schemas,3
2020-11,domain: buffers,3
2020-11,source: new,2
2020-11,source: kubernetes_logs,2
2020-11,source: aws_s3,2
2020-11,sink: vector,2
2020-11,sink: kafka,2
2020-11,sink: influxdb_metrics,2
2020-11,sink: humio_metrics,2
2020-11,sink: gcp_stackdriver_logs,2
2020-11,sink: file,2
2020-11,sink: datadog_logs,2
2020-11,sink: blackhole,2
2020-11,sink: aws_cloudwatch_metrics,2
2020-11,provider: sematext,2
2020-11,provider: influxdata,2
2020-11,provider: humio,2
2020-11,provider: gcp,2
2020-11,provider: datadog,2
2020-11,platform: docker,2
2020-11,needs: rfc,2
2020-11,domain: startup,2
2020-11,domain: security,2
2020-11,domain: reload,2
2020-11,domain: reliability,2
2020-11,domain: processing,2
2020-11,domain: parsing,2
2020-11,domain: codecs,2
2020-11,domain: cli,2
2020-11,vrl: compiler,1
2020-11,transform: sample,1
2020-11,transform: remap,1
2020-11,transform: new,1
2020-11,transform: aws_ec2_metadata,1
2020-11,source: vector,1
2020-11,source: statsd,1
2020-11,source: splunk_hec,1
2020-11,source: socket,1
2020-11,source: journald,1
2020-11,source: internal_metrics,1
2020-11,source: docker_logs,1
2020-11,sink: statsd,1
2020-11,sink: splunk_hec,1
2020-11,sink: sematext_metrics,1
2020-11,sink: sematext_logs,1
2020-11,sink: pulsar,1
2020-11,sink: papertrail,1
2020-11,sink: new_relic_logs,1
2020-11,sink: influxdb_logs,1
2020-11,sink: humio_logs,1
2020-11,sink: http,1
2020-11,sink: honeycomb,1
2020-11,sink: gcp_cloud_storage,1
2020-11,sink: datadog_metrics,1
2020-11,sink: console,1
2020-11,sink: azure_monitor_logs,1
2020-11,sink: aws_kinesis_streams,1
2020-11,sink: aws_kinesis_firehose,1
2020-11,sink: aws_cloudwatch_logs,1
2020-11,provider: splunk,1
2020-11,provider: papertrail,1
2020-11,provider: new relic,1
2020-11,provider: honeycomb,1
2020-11,provider: elastic,1
2020-11,provider: azure,1
2020-11,provider: aws,1
2020-11,have: nice,1
2020-11,good first issue,1
2020-11,domain: transforms,1
2020-11,domain: templating,1
2020-11,domain: healthchecks,1
2020-11,domain: filtering,1
2020-11,domain: enriching,1
2020-11,domain: deps,1
2020-11,domain: ci,1
2020-11,domain: auth,1
2020-11,Epic,1
2020-12,type: enhancement,77
2020-12,domain: vrl,63
2020-12,type: bug,52
2020-12,type: task,33
2020-12,type: feature,26
2020-12,platform: kubernetes,16
2020-12,domain: external docs,15
2020-12,domain: performance,12
2020-12,type: tech debt,10
2020-12,needs: approval,10
2020-12,domain: parsing,10
2020-12,domain: security,8
2020-12,domain: releasing,8
2020-12,domain: metrics,8
2020-12,transform: remap,7
2020-12,provider: aws,7
2020-12,have: must,7
2020-12,domain: tests,7
2020-12,sink: elasticsearch,6
2020-12,meta: idea,6
2020-12,meta: blocked,6
2020-12,domain: observability,6
2020-12,domain: ci,6
2020-12,sink: prometheus_exporter,5
2020-12,sink: kafka,5
2020-12,have: should,5
2020-12,domain: sources,5
2020-12,domain: sinks,5
2020-12,domain: buffers,5
2020-12,domain: api,5
2020-12,platform: docker,4
2020-12,domain: networking,4
2020-12,source: kafka,3
2020-12,needs: requirements,3
2020-12,have: nice,3
2020-12,domain: setup,3
2020-12,domain: config,3
2020-12,domain: cli,3
2020-12,source: syslog,2
2020-12,source: socket,2
2020-12,source: new,2
2020-12,source: internal_metrics,2
2020-12,source: file,2
2020-12,sink: splunk_hec,2
2020-12,platform: debian,2
2020-12,needs: rfc,2
2020-12,domain: transforms,2
2020-12,domain: topology,2
2020-12,domain: processing,2
2020-12,domain: platforms,2
2020-12,domain: logs,2
2020-12,domain: deps,2
2020-12,vrl: stdlib,1
2020-12,transform: sample,1
2020-12,transform: route,1
2020-12,transform: reduce,1
2020-12,transform: metric_to_log,1
2020-12,transform: lua,1
2020-12,transform: filter,1
2020-12,source: kubernetes_logs,1
2020-12,source: journald,1
2020-12,source: http_server,1
2020-12,source: host_metrics,1
2020-12,source: docker_logs,1
2020-12,source: aws_s3,1
2020-12,sink: vector,1
2020-12,sink: new_relic_logs,1
2020-12,sink: new,1
2020-12,sink: loki,1
2020-12,sink: influxdb_metrics,1
2020-12,sink: influxdb_logs,1
2020-12,sink: humio_metrics,1
2020-12,sink: humio_logs,1
2020-12,sink: datadog_metrics,1
2020-12,sink: clickhouse,1
2020-12,provider: new relic,1
2020-12,provider: influxdata,1
2020-12,provider: humio,1
2020-12,provider: elastic,1
2020-12,needs: outside help,1
2020-12,needs: more demand,1
2020-12,needs: docs,1
2020-12,domain: unit tests,1
2020-12,domain: startup,1
2020-12,domain: shutdown,1
2020-12,domain: reload,1
2020-12,domain: internal docs,1
2020-12,domain: healthchecks,1
2020-12,domain: filtering,1
2020-12,domain: data model,1
2020-12,domain: compression,1
2020-12,Epic,1
2021-01,type: enhancement,76
2021-01,domain: vrl,67
2021-01,type: bug,55
2021-01,type: task,42
2021-01,type: feature,21
2021-01,domain: performance,18
2021-01,platform: kubernetes,17
2021-01,needs: approval,14
2021-01,domain: external docs,13
2021-01,domain: metrics,11
2021-01,domain: config,11
2021-01,domain: api,9
2021-01,type: tech debt,8
2021-01,domain: observability,7
2021-01,source: file,6
2021-01,domain: tests,6
2021-01,sink: prometheus_exporter,5
2021-01,needs: requirements,5
2021-01,meta: idea,5
2021-01,have: should,5
2021-01,domain: sinks,5
2021-01,domain: deps,5
2021-01,domain: data model,5
2021-01,vrl: stdlib,4
2021-01,sink: kafka,4
2021-01,meta: blocked,4
2021-01,have: must,4
2021-01,domain: codecs,4
2021-01,transform: remap,3
2021-01,transform: lua,3
2021-01,source: prometheus_scrape,3
2021-01,sink: prometheus_remote_write,3
2021-01,needs: rfc,3
2021-01,domain: templating,3
2021-01,domain: sources,3
2021-01,domain: security,3
2021-01,domain: enriching,3
2021-01,vrl: compiler,2
2021-01,type: help,2
2021-01,source: vector,2
2021-01,source: splunk_hec,2
2021-01,source: kubernetes_logs,2
2021-01,source: internal_metrics,2
2021-01,source: host_metrics,2
2021-01,source: docker_logs,2
2021-01,sink: loki,2
2021-01,platform: docker,2
2021-01,needs: more demand,2
2021-01,meta: feedback,2
2021-01,have: nice,2
2021-01,domain: transforms,2
2021-01,domain: topology,2
2021-01,domain: setup,2
2021-01,domain: releasing,2
2021-01,domain: networking,2
2021-01,domain: internal docs,2
2021-01,domain: ci,2
2021-01,vrl: parser,1
2021-01,transform: sample,1
2021-01,transform: route,1
2021-01,source: postgresql_metrics,1
2021-01,source: new,1
2021-01,source: kafka,1
2021-01,source: internal_logs,1
2021-01,source: http_server,1
2021-01,source: aws_kinesis_firehose,1
2021-01,sink: http,1
2021-01,sink: gcp_stackdriver_logs,1
2021-01,sink: clickhouse,1
2021-01,sink: aws_s3,1
2021-01,sink: aws_kinesis_firehose,1
2021-01,sink: aws_cloudwatch_logs,1
2021-01,provider: influxdata,1
2021-01,provider: aws,1
2021-01,platform: windows,1
2021-01,needs: investigation,1
2021-01,good first issue,1
2021-01,domain: unit tests,1
2021-01,domain: schemas,1
2021-01,domain: parsing,1
2021-01,domain: compression,1
2021-01,domain: cli,1
2021-01,domain: auth,1
2021-01,domain: architecture,1
2021-02,type: enhancement,55
2021-02,type: bug,32
2021-02,domain: vrl,26
2021-02,type: task,24
2021-02,domain: performance,12
2021-02,domain: metrics,11
2021-02,domain: external docs,10
2021-02,Epic,10
2021-02,type: feature,8
2021-02,type: tech debt,7
2021-02,domain: observability,7
2021-02,have: must,5
2021-02,domain: api,5
2021-02,source: docker_logs,4
2021-02,needs: approval,4
2021-02,have: should,4
2021-02,domain: sinks,4
2021-02,domain: ci,4
2021-02,source: new,3
2021-02,source: internal_metrics,3
2021-02,source: file,3
2021-02,sink: statsd,3
2021-02,domain: transforms,3
2021-02,domain: tests,3
2021-02,domain: sources,3
2021-02,domain: data model,3
2021-02,domain: cli,3
2021-02,transform: remap,2
2021-02,source: splunk_hec,2
2021-02,sink: splunk_hec,2
2021-02,sink: prometheus_remote_write,2
2021-02,sink: loki,2
2021-02,platform: kubernetes,2
2021-02,have: nice,2
2021-02,domain: setup,2
2021-02,domain: processing,2
2021-02,domain: logs,2
2021-02,domain: internal docs,2
2021-02,domain: deps,2
2021-02,transform: route,1
2021-02,transform: new,1
2021-02,source: vector,1
2021-02,source: kubernetes_logs,1
2021-02,source: journald,1
2021-02,source: aws_kinesis_firehose,1
2021-02,sink: vector,1
2021-02,sink: pulsar,1
2021-02,sink: prometheus_exporter,1
2021-02,sink: new,1
2021-02,sink: nats,1
2021-02,sink: http,1
2021-02,sink: elasticsearch,1
2021-02,sink: datadog_metrics,1
2021-02,sink: clickhouse,1
2021-02,sink: aws_cloudwatch_metrics,1
2021-02,provider: elastic,1
2021-02,provider: datadog,1
2021-02,provider: aws,1
2021-02,platform: docker,1
2021-02,needs: rfc,1
2021-02,meta: blocked,1
2021-02,domain: topology,1
2021-02,domain: security,1
2021-02,domain: reload,1
2021-02,domain: parsing,1
2021-02,domain: config,1
2021-02,domain: buffers,1
2021-03,type: bug,64
2021-03,type: enhancement,60
2021-03,domain: vrl,34
2021-03,domain: external docs,21
2021-03,type: task,16
2021-03,transform: remap,15
2021-03,Epic,11
2021-03,source: kubernetes_logs,9
2021-03,domain: performance,8
2021-03,platform: kubernetes,7
2021-03,have: must,7
2021-03,domain: observability,7
2021-03,domain: config,7
2021-03,type: feature,6
2021-03,source: file,5
2021-03,source: host_metrics,4
2021-03,have: should,4
2021-03,domain: releasing,4
2021-03,type: tech debt,3
2021-03,transform: route,3
2021-03,transform: filter,3
2021-03,sink: prometheus_remote_write,3
2021-03,sink: loki,3
2021-03,sink: aws_cloudwatch_logs,3
2021-03,needs: approval,3
2021-03,domain: sources,3
2021-03,domain: sinks,3
2021-03,domain: networking,3
2021-03,domain: codecs,3
2021-03,domain: api,3
2021-03,vrl: stdlib,2
2021-03,transform: lua,2
2021-03,source: splunk_hec,2
2021-03,source: prometheus_scrape,2
2021-03,source: kafka,2
2021-03,source: heroku_logs,2
2021-03,sink: prometheus_exporter,2
2021-03,sink: http,2
2021-03,sink: clickhouse,2
2021-03,sink: aws_s3,2
2021-03,sink: aws_cloudwatch_metrics,2
2021-03,provider: aws,2
2021-03,needs: docs,2
2021-03,good first issue,2
2021-03,domain: setup,2
2021-03,domain: reload,2
2021-03,domain: logs,2
2021-03,domain: cli,2
2021-03,domain: buffers,2
2021-03,transform: log_to_metric,1
2021-03,source: vector,1
2021-03,source: socket,1
2021-03,source: prometheus_remote_write,1
2021-03,source: new,1
2021-03,source: journald,1
2021-03,source: http_server,1
2021-03,source: docker_logs,1
2021-03,source: datadog_agent,1
2021-03,source: aws_kinesis_firehose,1
2021-03,sink: vector,1
2021-03,sink: new,1
2021-03,sink: gcp_cloud_storage,1
2021-03,sink: elasticsearch,1
2021-03,sink: datadog_metrics,1
2021-03,provider: heroku,1
2021-03,provider: gcp,1
2021-03,provider: elastic,1
2021-03,provider: datadog,1
2021-03,platform: heroku,1
2021-03,platform: docker,1
2021-03,needs: more demand,1
2021-03,meta: feedback,1
2021-03,have: nice,1
2021-03,domain: topology,1
2021-03,domain: tests,1
2021-03,domain: templating,1
2021-03,domain: shutdown,1
2021-03,domain: security,1
2021-03,domain: platforms,1
2021-03,domain: parsing,1
2021-03,domain: internal docs,1
2021-03,domain: enriching,1
2021-03,domain: deps,1
2021-04,type: enhancement,40
2021-04,type: bug,35
2021-04,domain: vrl,22
2021-04,type: feature,9
2021-04,platform: kubernetes,9
2021-04,domain: performance,8
2021-04,domain: data model,8
2021-04,domain: external docs,6
2021-04,type: task,5
2021-04,source: kubernetes_logs,5
2021-04,needs: approval,5
2021-04,Epic,5
2021-04,sink: http,4
2021-04,domain: sources,4
2021-04,domain: sinks,4
2021-04,vrl: stdlib,3
2021-04,source: new,3
2021-04,domain: releasing,3
2021-04,domain: observability,3
2021-04,type: tech debt,2
2021-04,transform: remap,2
2021-04,transform: aws_ec2_metadata,2
2021-04,source: splunk_hec,2
2021-04,source: kafka,2
2021-04,source: http_server,2
2021-04,source: file,2
2021-04,sink: kafka,2
2021-04,sink: datadog_logs,2
2021-04,provider: gcp,2
2021-04,provider: datadog,2
2021-04,meta: idea,2
2021-04,domain: unit tests,2
2021-04,domain: security,2
2021-04,domain: parsing,2
2021-04,domain: buffers,2
2021-04,domain: api,2
2021-04,vrl: typedef,1
2021-04,vrl: compiler,1
2021-04,transform: new,1
2021-04,transform: lua,1
2021-04,source: vector,1
2021-04,source: prometheus_scrape,1
2021-04,source: docker_logs,1
2021-04,source: aws_s3,1
2021-04,sink: vector,1
2021-04,sink: prometheus_exporter,1
2021-04,sink: nats,1
2021-04,sink: influxdb_logs,1
2021-04,sink: gcp_stackdriver_logs,1
2021-04,sink: gcp_pubsub,1
2021-04,sink: gcp_cloud_storage,1
2021-04,sink: clickhouse,1
2021-04,platform: windows,1
2021-04,needs: requirements,1
2021-04,have: must,1
2021-04,good first issue,1
2021-04,domain: tests,1
2021-04,domain: setup,1
2021-04,domain: reload,1
2021-04,domain: processing,1
2021-04,domain: metrics,1
2021-04,domain: enriching,1
2021-04,domain: config,1
2021-04,domain: codecs,1
2021-04,domain: cli,1
2021-04,domain: ci,1
2021-04,domain: architecture,1
2021-04,domain: administration,1
2021-05,type: enhancement,83
2021-05,type: bug,35
2021-05,type: task,22
2021-05,type: feature,16
2021-05,domain: data model,13
2021-05,domain: buffers,11
2021-05,platform: kubernetes,10
2021-05,domain: tests,9
2021-05,source: vector,8
2021-05,domain: external docs,8
2021-05,domain: sinks,7
2021-05,source: kubernetes_logs,6
2021-05,sink: vector,6
2021-05,domain: vrl,6
2021-05,domain: codecs,6
2021-05,domain: sources,5
2021-05,domain: metrics,5
2021-05,domain: config,5
2021-05,source: kafka,4
2021-05,sink: datadog_logs,4
2021-05,domain: setup,4
2021-05,domain: observability,4
2021-05,type: tech debt,3
2021-05,source: splunk_hec,3
2021-05,source: new,3
2021-05,source: internal_metrics,3
2021-05,source: fluent,3
2021-05,source: docker_logs,3
2021-05,sink: elasticsearch,3
2021-05,sink: datadog_metrics,3
2021-05,domain: performance,3
2021-05,domain: networking,3
2021-05,domain: internal docs,3
2021-05,transform: log_to_metric,2
2021-05,source: prometheus_remote_write,2
2021-05,source: journald,2
2021-05,source: host_metrics,2
2021-05,source: file,2
2021-05,source: aws_s3,2
2021-05,source: aws_kinesis_firehose,2
2021-05,sink: splunk_hec,2
2021-05,sink: prometheus_remote_write,2
2021-05,sink: prometheus_exporter,2
2021-05,sink: new,2
2021-05,sink: influxdb_metrics,2
2021-05,sink: aws_cloudwatch_logs,2
2021-05,provider: datadog,2
2021-05,needs: rfc,2
2021-05,needs: approval,2
2021-05,good first issue,2
2021-05,domain: unit tests,2
2021-05,domain: schemas,2
2021-05,domain: ci,2
2021-05,Epic,2
2021-05,vrl: syntax,1
2021-05,vrl: stdlib,1
2021-05,vrl: diagnostic,1
2021-05,transform: remap,1
2021-05,source: syslog,1
2021-05,source: socket,1
2021-05,source: logstash,1
2021-05,source: http_server,1
2021-05,source: heroku_logs,1
2021-05,source: exec,1
2021-05,source: datadog_agent,1
2021-05,source: aws_ecs_metrics,1
2021-05,sink: socket,1
2021-05,sink: sematext_metrics,1
2021-05,sink: sematext_logs,1
2021-05,sink: pulsar,1
2021-05,sink: papertrail,1
2021-05,sink: new_relic_logs,1
2021-05,sink: nats,1
2021-05,sink: loki,1
2021-05,sink: kafka,1
2021-05,sink: humio_metrics,1
2021-05,sink: humio_logs,1
2021-05,sink: gcp_cloud_storage,1
2021-05,sink: file,1
2021-05,sink: console,1
2021-05,sink: clickhouse,1
2021-05,sink: blackhole,1
2021-05,sink: aws_sqs,1
2021-05,sink: aws_s3,1
2021-05,sink: aws_kinesis_streams,1
2021-05,sink: aws_kinesis_firehose,1
2021-05,sink: aws_cloudwatch_metrics,1
2021-05,provider: gcp,1
2021-05,platform: macos,1
2021-05,platform: docker,1
2021-05,platform: apt,1
2021-05,meta: blocked,1
2021-05,have: should,1
2021-05,domain: transforms,1
2021-05,domain: security,1
2021-05,domain: reliability,1
2021-05,domain: logs,1
2021-05,domain: dev,1
2021-06,type: bug,48
2021-06,type: enhancement,38
2021-06,type: task,24
2021-06,domain: external docs,17
2021-06,domain: vrl,13
2021-06,domain: ci,11
2021-06,platform: kubernetes,10
2021-06,source: kubernetes_logs,9
2021-06,source: file,9
2021-06,domain: performance,9
2021-06,domain: config,8
2021-06,type: feature,6
2021-06,domain: metrics,6
2021-06,sink: prometheus_remote_write,5
2021-06,platform: helm,5
2021-06,domain: tests,5
2021-06,domain: sinks,5
2021-06,domain: dev,5
2021-06,source: prometheus_remote_write,4
2021-06,domain: observability,4
2021-06,Epic,4
2021-06,source: prometheus_scrape,3
2021-06,domain: unit tests,3
2021-06,type: tech debt,2
2021-06,transform: remap,2
2021-06,source: kafka,2
2021-06,source: internal_metrics,2
2021-06,source: host_metrics,2
2021-06,sink: datadog_metrics,2
2021-06,domain: reliability,2
2021-06,domain: releasing,2
2021-06,domain: parsing,2
2021-06,domain: codecs,2
2021-06,website: template,1
2021-06,vrl: compiler,1
2021-06,type: announcement,1
2021-06,transform: sample,1
2021-06,transform: route,1
2021-06,transform: pipelines,1
2021-06,transform: log_to_metric,1
2021-06,transform: aws_ec2_metadata,1
2021-06,source: vector,1
2021-06,source: syslog,1
2021-06,source: splunk_hec,1
2021-06,source: new,1
2021-06,source: journald,1
2021-06,source: aws_s3,1
2021-06,sink: vector,1
2021-06,sink: statsd,1
2021-06,sink: splunk_hec,1
2021-06,sink: pulsar,1
2021-06,sink: prometheus_exporter,1
2021-06,sink: new,1
2021-06,sink: loki,1
2021-06,sink: humio_logs,1
2021-06,sink: elasticsearch,1
2021-06,sink: clickhouse,1
2021-06,sink: blackhole,1
2021-06,platform: macos,1
2021-06,platform: docker,1
2021-06,needs: more demand,1
2021-06,needs: approval,1
2021-06,good first issue,1
2021-06,domain: sources,1
2021-06,domain: setup,1
2021-06,domain: schemas,1
2021-06,domain: deps,1
2021-06,domain: data model,1
2021-06,domain: api,1
2021-07,type: bug,50
2021-07,type: enhancement,47
2021-07,Epic,24
2021-07,type: task,21
2021-07,domain: vrl,17
2021-07,domain: external docs,15
2021-07,type: feature,12
2021-07,platform: kubernetes,12
2021-07,platform: helm,11
2021-07,source: kubernetes_logs,8
2021-07,domain: observability,8
2021-07,domain: config,7
2021-07,domain: tests,6
2021-07,domain: sources,6
2021-07,domain: performance,5
2021-07,domain: ci,5
2021-07,source: new,4
2021-07,source: file,4
2021-07,domain: sinks,4
2021-07,domain: enriching,4
2021-07,domain: buffers,4
2021-07,source: journald,3
2021-07,source: internal_metrics,3
2021-07,source: host_metrics,3
2021-07,sink: vector,3
2021-07,provider: datadog,3
2021-07,provider: aws,3
2021-07,domain: unit tests,3
2021-07,domain: releasing,3
2021-07,domain: metrics,3
2021-07,vrl: stdlib,2
2021-07,type: tech debt,2
2021-07,source: syslog,2
2021-07,source: socket,2
2021-07,source: internal_logs,2
2021-07,source: datadog_logs,2
2021-07,source: aws_s3,2
2021-07,source: aws_kinesis_firehose,2
2021-07,sink: elasticsearch,2
2021-07,sink: datadog_logs,2
2021-07,domain: transforms,2
2021-07,domain: setup,2
2021-07,website: template,1
2021-07,vrl: compiler,1
2021-07,transform: remap,1
2021-07,transform: log_to_metric,1
2021-07,source: vector,1
2021-07,source: splunk_hec,1
2021-07,source: prometheus_remote_write,1
2021-07,source: kafka,1
2021-07,source: fluent,1
2021-07,source: dnstap,1
2021-07,source: demo_logs,1
2021-07,sink: pulsar,1
2021-07,sink: prometheus_remote_write,1
2021-07,sink: kafka,1
2021-07,sink: http,1
2021-07,sink: gcp_stackdriver_logs,1
2021-07,sink: datadog_metrics,1
2021-07,sink: datadog_events,1
2021-07,sink: clickhouse,1
2021-07,sink: aws_s3,1
2021-07,sink: aws_kinesis_firehose,1
2021-07,provider: gcp,1
2021-07,provider: azure,1
2021-07,platform: docker,1
2021-07,needs: docs,1
2021-07,needs: approval,1
2021-07,domain: templating,1
2021-07,domain: security,1
2021-07,domain: dev,1
2021-07,domain: codecs,1
2021-07,domain: administration,1
2021-08,type: bug,53
2021-08,type: enhancement,34
2021-08,type: task,24
2021-08,domain: external docs,18
2021-08,domain: vrl,16
2021-08,domain: observability,9
2021-08,website: template,7
2021-08,source: kubernetes_logs,6
2021-08,domain: buffers,6
2021-08,website: css,5
2021-08,type: feature,5
2021-08,domain: performance,5
2021-08,domain: config,5
2021-08,domain: internal docs,4
2021-08,sink: vector,3
2021-08,platform: helm,3
2021-08,domain: topology,3
2021-08,domain: reliability,3
2021-08,domain: codecs,3
2021-08,Epic,3
2021-08,website:aesthetics-only,2
2021-08,vrl: stdlib,2
2021-08,type: tech debt,2
2021-08,transform: aws_ec2_metadata,2
2021-08,source: fluent,2
2021-08,source: file,2
2021-08,sink: loki,2
2021-08,sink: influxdb_metrics,2
2021-08,sink: aws_sqs,2
2021-08,sink: aws_s3,2
2021-08,sink: aws_kinesis_firehose,2
2021-08,provider: aws,2
2021-08,platform: kubernetes,2
2021-08,needs: rfc,2
2021-08,good first issue,2
2021-08,domain: sinks,2
2021-08,domain: setup,2
2021-08,domain: networking,2
2021-08,website: search,1
2021-08,website: javascript,1
2021-08,vrl: diagnostic,1
2021-08,vrl: compiler,1
2021-08,transform: route,1
2021-08,transform: lua,1
2021-08,transform: log_to_metric,1
2021-08,transform: filter,1
2021-08,transform: aggregate,1
2021-08,source: vector,1
2021-08,source: syslog,1
2021-08,source: socket,1
2021-08,source: prometheus_scrape,1
2021-08,source: opentelemetry,1
2021-08,source: logstash,1
2021-08,source: kafka,1
2021-08,source: internal_metrics,1
2021-08,source: docker_logs,1
2021-08,source: dnstap,1
2021-08,source: aws_s3,1
2021-08,sink: splunk_hec,1
2021-08,sink: humio_logs,1
2021-08,sink: datadog_metrics,1
2021-08,sink: datadog_logs,1
2021-08,sink: azure_blob,1
2021-08,needs: approval,1
2021-08,meta: blocked,1
2021-08,domain: sources,1
2021-08,domain: releasing,1
2021-08,domain: metrics,1
2021-08,domain: enriching,1
2021-08,domain: architecture,1
2021-08,domain: api,1
2021-09,type: enhancement,60
2021-09,type: bug,41
2021-09,domain: external docs,19
2021-09,type: task,17
2021-09,domain: vrl,14
2021-09,website: template,13
2021-09,domain: observability,13
2021-09,type: feature,11
2021-09,domain: performance,8
2021-09,domain: config,8
2021-09,sink: loki,7
2021-09,domain: sinks,7
2021-09,domain: codecs,6
2021-09,sink: datadog_logs,5
2021-09,sink: aws_s3,5
2021-09,transform: route,4
2021-09,sink: splunk_hec,4
2021-09,website:aesthetics-only,3
2021-09,type: tech debt,3
2021-09,transform: log_to_metric,3
2021-09,source: splunk_hec,3
2021-09,source: prometheus_scrape,3
2021-09,source: kafka,3
2021-09,source: datadog_agent,3
2021-09,sink: prometheus_exporter,3
2021-09,sink: kafka,3
2021-09,sink: humio_metrics,3
2021-09,sink: humio_logs,3
2021-09,sink: gcp_pubsub,3
2021-09,sink: elasticsearch,3
2021-09,sink: clickhouse,3
2021-09,sink: aws_cloudwatch_logs,3
2021-09,provider: aws,3
2021-09,meta: idea,3
2021-09,domain: unit tests,3
2021-09,domain: metrics,3
2021-09,vrl: stdlib,2
2021-09,transform: tag_cardinality_limit,2
2021-09,transform: remap,2
2021-09,transform: filter,2
2021-09,source: syslog,2
2021-09,source: socket,2
2021-09,source: host_metrics,2
2021-09,source: file,2
2021-09,source: aws_s3,2
2021-09,source: aws_kinesis_firehose,2
2021-09,sink: socket,2
2021-09,sink: sematext_logs,2
2021-09,sink: prometheus_remote_write,2
2021-09,sink: papertrail,2
2021-09,sink: new_relic_logs,2
2021-09,sink: influxdb_metrics,2
2021-09,sink: influxdb_logs,2
2021-09,sink: http,2
2021-09,sink: honeycomb,2
2021-09,sink: gcp_stackdriver_logs,2
2021-09,sink: datadog_events,2
2021-09,sink: azure_monitor_logs,2
2021-09,sink: aws_sqs,2
2021-09,domain: tests,2
2021-09,domain: sources,2
2021-09,domain: reload,2
2021-09,domain: releasing,2
2021-09,domain: internal docs,2
2021-09,domain: data model,2
2021-09,domain: ci,2
2021-09,domain: api,2
2021-09,vrl: diagnostic,1
2021-09,transform: sample,1
2021-09,transform: reduce,1
2021-09,transform: metric_to_log,1
2021-09,transform: lua,1
2021-09,transform: dedupe,1
2021-09,transform: aws_ec2_metadata,1
2021-09,source: vector,1
2021-09,source: stdin,1
2021-09,source: statsd,1
2021-09,source: prometheus_remote_write,1
2021-09,source: postgresql_metrics,1
2021-09,source: nginx_metrics,1
2021-09,source: nats,1
2021-09,source: mongodb_metrics,1
2021-09,source: logstash,1
2021-09,source: kubernetes_logs,1
2021-09,source: journald,1
2021-09,source: internal_metrics,1
2021-09,source: internal_logs,1
2021-09,source: http_server,1
2021-09,source: heroku_logs,1
2021-09,source: fluent,1
2021-09,source: exec,1
2021-09,source: docker_logs,1
2021-09,source: dnstap,1
2021-09,source: demo_logs,1
2021-09,source: datadog_logs,1
2021-09,source: aws_ecs_metrics,1
2021-09,source: apache_metrics,1
2021-09,sink: vector,1
2021-09,sink: statsd,1
2021-09,sink: sematext_metrics,1
2021-09,sink: redis,1
2021-09,sink: pulsar,1
2021-09,sink: nats,1
2021-09,sink: gcp_cloud_storage,1
2021-09,sink: file,1
2021-09,sink: datadog_metrics,1
2021-09,sink: console,1
2021-09,sink: blackhole,1
2021-09,sink: azure_blob,1
2021-09,sink: aws_kinesis_streams,1
2021-09,sink: aws_kinesis_firehose,1
2021-09,sink: aws_cloudwatch_metrics,1
2021-09,provider: gcp,1
2021-09,platform: kubernetes,1
2021-09,needs: rfc,1
2021-09,domain: transforms,1
2021-09,domain: topology,1
2021-09,domain: shutdown,1
2021-09,domain: setup,1
2021-09,domain: deps,1
2021-09,domain: buffers,1
2021-09,domain: architecture,1
2021-09,domain: administration,1
2021-09,Epic,1
2021-10,type: enhancement,90
2021-10,type: bug,36
2021-10,domain: performance,30
2021-10,domain: sinks,26
2021-10,type: task,23
2021-10,domain: observability,18
2021-10,type: feature,11
2021-10,domain: external docs,11
2021-10,domain: vrl,9
2021-10,domain: codecs,9
2021-10,sink: splunk_hec,7
2021-10,sink: loki,7
2021-10,domain: config,7
2021-10,domain: sources,6
2021-10,source: splunk_hec,5
2021-10,domain: processing,5
2021-10,domain: cli,5
2021-10,website: template,4
2021-10,sink: vector,4
2021-10,good first issue,4
2021-10,domain: unit tests,4
2021-10,domain: healthchecks,4
2021-10,type: tech debt,3
2021-10,source: vector,3
2021-10,source: kubernetes_logs,3
2021-10,sink: prometheus_exporter,3
2021-10,sink: datadog_logs,3
2021-10,provider: splunk,3
2021-10,domain: networking,3
2021-10,domain: deps,3
2021-10,domain: buffers,3
2021-10,Epic,3
2021-10,transform: remap,2
2021-10,transform: pipelines,2
2021-10,source: http_server,2
2021-10,source: file,2
2021-10,sink: http,2
2021-10,sink: elasticsearch,2
2021-10,sink: aws_s3,2
2021-10,provider: gcp,2
2021-10,meta: idea,2
2021-10,domain: transforms,2
2021-10,domain: topology,2
2021-10,domain: tests,2
2021-10,domain: setup,2
2021-10,domain: metrics,2
2021-10,domain: enriching,2
2021-10,website:aesthetics-only,1
2021-10,website: search,1
2021-10,vrl: compiler,1
2021-10,transform: reduce,1
2021-10,transform: aws_ec2_metadata,1
2021-10,source: syslog,1
2021-10,source: logstash,1
2021-10,source: kafka,1
2021-10,source: journald,1
2021-10,source: internal_logs,1
2021-10,source: heroku_logs,1
2021-10,source: fluent,1
2021-10,source: exec,1
2021-10,source: docker_logs,1
2021-10,source: datadog_logs,1
2021-10,source: datadog_agent,1
2021-10,source: aws_s3,1
2021-10,source: apache_metrics,1
2021-10,sink: statsd,1
2021-10,sink: gcp_cloud_storage,1
2021-10,sink: file,1
2021-10,sink: datadog_metrics,1
2021-10,sink: datadog_events,1
2021-10,sink: console,1
2021-10,sink: blackhole,1
2021-10,sink: azure_blob,1
2021-10,sink: aws_kinesis_streams,1
2021-10,sink: aws_kinesis_firehose,1
2021-10,sink: aws_cloudwatch_logs,1
2021-10,provider: datadog,1
2021-10,provider: aws,1
2021-10,needs: rfc,1
2021-10,needs: approval,1
2021-10,meta: feedback,1
2021-10,domain: shutdown,1
2021-10,domain: reload,1
2021-10,domain: architecture,1
2021-10,domain: api,1
2021-11,type: enhancement,61
2021-11,type: bug,37
2021-11,domain: observability,26
2021-11,type: task,24
2021-11,domain: performance,17
2021-11,transform: pipelines,13
2021-11,type: feature,11
2021-11,domain: config,10
2021-11,domain: buffers,9
2021-11,domain: external docs,5
2021-11,domain: ci,5
2021-11,type: tech debt,4
2021-11,source: kubernetes_logs,4
2021-11,source: kafka,4
2021-11,domain: vrl,4
2021-11,domain: sinks,4
2021-11,domain: codecs,4
2021-11,Epic,4
2021-11,source: file,3
2021-11,source: datadog_agent,3
2021-11,sink: loki,3
2021-11,sink: elasticsearch,3
2021-11,provider: datadog,3
2021-11,provider: aws,3
2021-11,domain: unit tests,3
2021-11,domain: sources,3
2021-11,website: template,2
2021-11,source: vector,2
2021-11,source: internal_metrics,2
2021-11,source: aws_s3,2
2021-11,sink: vector,2
2021-11,sink: statsd,2
2021-11,sink: datadog_metrics,2
2021-11,domain: security,2
2021-11,website:aesthetics-only,1
2021-11,website: search,1
2021-11,website: blog,1
2021-11,vrl: stdlib,1
2021-11,transform: remap,1
2021-11,source: stdin,1
2021-11,source: statsd,1
2021-11,source: socket,1
2021-11,source: prometheus_scrape,1
2021-11,source: prometheus_remote_write,1
2021-11,source: postgresql_metrics,1
2021-11,source: nginx_metrics,1
2021-11,source: new,1
2021-11,source: nats,1
2021-11,source: mongodb_metrics,1
2021-11,source: internal_logs,1
2021-11,source: host_metrics,1
2021-11,source: fluent,1
2021-11,source: exec,1
2021-11,source: docker_logs,1
2021-11,source: dnstap,1
2021-11,source: aws_kinesis_firehose,1
2021-11,source: aws_ecs_metrics,1
2021-11,sink: splunk_hec,1
2021-11,sink: redis,1
2021-11,sink: prometheus_remote_write,1
2021-11,sink: prometheus_exporter,1
2021-11,sink: humio_logs,1
2021-11,sink: gcp_cloud_storage,1
2021-11,sink: clickhouse,1
2021-11,sink: aws_cloudwatch_logs,1
2021-11,provider: humio,1
2021-11,platform: windows,1
2021-11,platform: macos,1
2021-11,needs: rfc,1
2021-11,domain: transforms,1
2021-11,domain: topology,1
2021-11,domain: tests,1
2021-11,domain: releasing,1
2021-11,domain: metrics,1
2021-11,domain: internal docs,1
2021-11,domain: enriching,1
2021-11,domain: api,1
2021-12,type: enhancement,43
2021-12,type: bug,28
2021-12,domain: performance,26
2021-12,domain: buffers,16
2021-12,needs: approval,15
2021-12,type: task,14
2021-12,type: feature,13
2021-12,domain: ci,13
2021-12,meta: idea,10
2021-12,domain: config,10
2021-12,domain: vrl,8
2021-12,domain: sinks,7
2021-12,domain: codecs,6
2021-12,sink: loki,5
2021-12,domain: transforms,5
2021-12,domain: sources,5
2021-12,domain: healthchecks,4
2021-12,vrl: stdlib,3
2021-12,sink: kafka,3
2021-12,needs: rfc,3
2021-12,domain: topology,3
2021-12,source: fluent,2
2021-12,sink: prometheus_exporter,2
2021-12,sink: elasticsearch,2
2021-12,domain: tests,2
2021-12,domain: reliability,2
2021-12,domain: platforms,2
2021-12,website:aesthetics-only,1
2021-12,website: template,1
2021-12,website: highlights,1
2021-12,website: css,1
2021-12,type: tech debt,1
2021-12,transform: log_to_metric,1
2021-12,transform: filter,1
2021-12,transform: aws_ec2_metadata,1
2021-12,source: vector,1
2021-12,source: syslog,1
2021-12,source: statsd,1
2021-12,source: splunk_hec,1
2021-12,source: prometheus_remote_write,1
2021-12,source: new,1
2021-12,source: logstash,1
2021-12,source: kubernetes_logs,1
2021-12,source: kafka,1
2021-12,source: internal_logs,1
2021-12,source: http_server,1
2021-12,source: aws_s3,1
2021-12,sink: vector,1
2021-12,sink: splunk_hec,1
2021-12,sink: nats,1
2021-12,sink: http,1
2021-12,sink: clickhouse,1
2021-12,sink: aws_s3,1
2021-12,provider: azure,1
2021-12,provider: aws,1
2021-12,platform: helm,1
2021-12,needs: more demand,1
2021-12,meta: regression,1
2021-12,domain: unit tests,1
2021-12,domain: shutdown,1
2021-12,domain: setup,1
2021-12,domain: reload,1
2021-12,domain: releasing,1
2021-12,domain: observability,1
2021-12,domain: networking,1
2021-12,domain: metrics,1
2021-12,domain: filtering,1
2021-12,domain: external docs,1
2021-12,domain: deps,1
2021-12,domain: delivery,1
2021-12,domain: data model,1
2021-12,domain: compression,1
2021-12,domain: api,1
2021-12,Epic,1
2022-01,type: bug,31
2022-01,type: enhancement,29
2022-01,type: task,18
2022-01,domain: vrl,13
2022-01,type: feature,10
2022-01,domain: topology,7
2022-01,domain: transforms,6
2022-01,domain: performance,6
2022-01,domain: buffers,6
2022-01,domain: sources,5
2022-01,domain: external docs,5
2022-01,domain: core,5
2022-01,type: tech debt,4
2022-01,domain: sinks,4
2022-01,domain: api,4
2022-01,vrl: stdlib,3
2022-01,source: file,3
2022-01,domain: deps,3
2022-01,domain: config,3
2022-01,domain: cli,3
2022-01,domain: ci,3
2022-01,transform: aws_ec2_metadata,2
2022-01,source: vector,2
2022-01,source: prometheus_remote_write,2
2022-01,source: aws_sqs,2
2022-01,sink: vector,2
2022-01,sink: prometheus_remote_write,2
2022-01,sink: prometheus_exporter,2
2022-01,sink: loki,2
2022-01,sink: aws_s3,2
2022-01,provider: gcp,2
2022-01,needs: approval,2
2022-01,meta: regression,2
2022-01,meta: idea,2
2022-01,domain: setup,2
2022-01,domain: security,2
2022-01,domain: reload,2
2022-01,domain: releasing,2
2022-01,domain: processing,2
2022-01,domain: observability,2
2022-01,domain: networking,2
2022-01,domain: codecs,2
2022-01,transform: remap,1
2022-01,transform: log_to_metric,1
2022-01,source: splunk_hec,1
2022-01,source: prometheus_scrape,1
2022-01,source: kubernetes_logs,1
2022-01,source: kafka,1
2022-01,source: internal_metrics,1
2022-01,source: docker_logs,1
2022-01,source: aws_s3,1
2022-01,sink: pulsar,1
2022-01,sink: kafka,1
2022-01,sink: http,1
2022-01,sink: gcp_stackdriver_logs,1
2022-01,sink: gcp_pubsub,1
2022-01,sink: file,1
2022-01,sink: aws_sqs,1
2022-01,sink: aws_cloudwatch_metrics,1
2022-01,sink: aws_cloudwatch_logs,1
2022-01,provider: datadog,1
2022-01,provider: aws,1
2022-01,platform: kubernetes,1
2022-01,needs: rfc,1
2022-01,needs: requirements,1
2022-01,meta: confirmed,1
2022-01,have: should,1
2022-01,have: must,1
2022-01,good first issue,1
2022-01,domain: unit tests,1
2022-01,domain: tests,1
2022-01,domain: reliability,1
2022-01,domain: platforms,1
2022-01,domain: internal docs,1
2022-01,domain: dev,1
2022-01,domain: delivery,1
2022-02,type: bug,39
2022-02,type: enhancement,20
2022-02,domain: vrl,13
2022-02,domain: observability,11
2022-02,type: feature,10
2022-02,type: task,8
2022-02,provider: aws,8
2022-02,type: tech debt,7
2022-02,domain: external docs,6
2022-02,domain: codecs,6
2022-02,domain: sources,5
2022-02,domain: sinks,5
2022-02,domain: config,5
2022-02,Epic,5
2022-02,source: socket,4
2022-02,meta: regression,4
2022-02,domain: performance,4
2022-02,domain: core,4
2022-02,domain: buffers,4
2022-02,source: kubernetes_logs,3
2022-02,sink: splunk_hec,3
2022-02,platform: kubernetes,3
2022-02,domain: ci,3
2022-02,domain: api,3
2022-02,transform: route,2
2022-02,transform: log_to_metric,2
2022-02,source: journald,2
2022-02,source: fluent,2
2022-02,source: file,2
2022-02,sink: aws_kinesis_firehose,2
2022-02,sink: aws_cloudwatch_logs,2
2022-02,domain: topology,2
2022-02,domain: setup,2
2022-02,domain: schemas,2
2022-02,domain: rfc,2
2022-02,domain: deps,2
2022-02,vrl: typedef,1
2022-02,vrl: stdlib,1
2022-02,vrl: compiler,1
2022-02,transform: throttle,1
2022-02,transform: filter,1
2022-02,source: statsd,1
2022-02,source: splunk_hec,1
2022-02,source: prometheus_scrape,1
2022-02,source: kafka,1
2022-02,source: internal_metrics,1
2022-02,source: internal_logs,1
2022-02,source: host_metrics,1
2022-02,source: aws_s3,1
2022-02,sink: kafka,1
2022-02,sink: influxdb_logs,1
2022-02,sink: http,1
2022-02,sink: gcp_stackdriver_metrics,1
2022-02,sink: file,1
2022-02,sink: elasticsearch,1
2022-02,sink: datadog_events,1
2022-02,sink: datadog_archives,1
2022-02,sink: clickhouse,1
2022-02,sink: blackhole,1
2022-02,sink: aws_sqs,1
2022-02,sink: aws_s3,1
2022-02,sink: aws_kinesis_streams,1
2022-02,sink: aws_cloudwatch_metrics,1
2022-02,provider: splunk,1
2022-02,provider: gcp,1
2022-02,platform: docker,1
2022-02,needs: rfc,1
2022-02,domain: unit tests,1
2022-02,domain: transforms,1
2022-02,domain: tests,1
2022-02,domain: shutdown,1
2022-02,domain: reliability,1
2022-02,domain: releasing,1
2022-02,domain: durability,1
2022-02,domain: data model,1
2022-03,type: feature,41
2022-03,type: bug,29
2022-03,domain: vrl,12
2022-03,domain: observability,10
2022-03,domain: performance,9
2022-03,domain: sinks,7
2022-03,type: enhancement,6
2022-03,transform: pipelines,6
2022-03,type: tech debt,5
2022-03,domain: sources,5
2022-03,domain: external docs,4
2022-03,domain: codecs,4
2022-03,source: file,3
2022-03,sink: prometheus_exporter,3
2022-03,provider: aws,3
2022-03,meta: regression,3
2022-03,meta: idea,3
2022-03,domain: unit tests,3
2022-03,domain: transforms,3
2022-03,domain: tests,3
2022-03,domain: core,3
2022-03,domain: config,3
2022-03,vrl: stdlib,2
2022-03,transform: throttle,2
2022-03,transform: reduce,2
2022-03,source: syslog,2
2022-03,source: prometheus_scrape,2
2022-03,source: kafka,2
2022-03,source: aws_sqs,2
2022-03,sink: statsd,2
2022-03,sink: loki,2
2022-03,sink: file,2
2022-03,sink: aws_s3,2
2022-03,platform: kubernetes,2
2022-03,platform: docker,2
2022-03,domain: topology,2
2022-03,domain: releasing,2
2022-03,domain: enrichment_tables,2
2022-03,domain: buffers,2
2022-03,domain: api,2
2022-03,Epic,2
2022-03,vrl: typedef,1
2022-03,vrl: compiler,1
2022-03,transform: sample,1
2022-03,transform: remap,1
2022-03,transform: dedupe,1
2022-03,transform: aws_ec2_metadata,1
2022-03,source: nats,1
2022-03,source: kubernetes_logs,1
2022-03,source: journald,1
2022-03,source: internal_metrics,1
2022-03,source: exec,1
2022-03,source: docker_logs,1
2022-03,source: datadog_agent,1
2022-03,sink: nats,1
2022-03,sink: kafka,1
2022-03,sink: http,1
2022-03,sink: honeycomb,1
2022-03,sink: gcp_cloud_storage,1
2022-03,sink: elasticsearch,1
2022-03,sink: datadog_logs,1
2022-03,sink: blackhole,1
2022-03,sink: aws_cloudwatch_logs,1
2022-03,provider: honeycomb,1
2022-03,provider: azure,1
2022-03,platform: debian,1
2022-03,platform: centos,1
2022-03,platform: arm,1
2022-03,needs: rfc,1
2022-03,have: should,1
2022-03,good first issue,1
2022-03,domain: traces,1
2022-03,domain: security,1
2022-03,domain: reload,1
2022-03,domain: metrics,1
2022-03,domain: enriching,1
2022-03,domain: dev,1
2022-03,domain: data model,1
2022-03,domain: cli,1
2022-03,domain: ci,1
2022-03,domain: administration,1
2022-04,type: bug,51
2022-04,type: feature,27
2022-04,domain: config,19
2022-04,meta: regression,18
2022-04,domain: performance,16
2022-04,domain: vrl,14
2022-04,domain: codecs,13
2022-04,provider: aws,12
2022-04,domain: external docs,8
2022-04,domain: ci,6
2022-04,domain: tests,5
2022-04,Epic,5
2022-04,type: enhancement,4
2022-04,source: kubernetes_logs,4
2022-04,source: kafka,4
2022-04,domain: observability,4
2022-04,domain: buffers,4
2022-04,type: tech debt,3
2022-04,source: vector,3
2022-04,source: journald,3
2022-04,sink: vector,3
2022-04,sink: nats,3
2022-04,sink: elasticsearch,3
2022-04,sink: aws_s3,3
2022-04,domain: sources,3
2022-04,domain: schemas,3
2022-04,domain: cli,3
2022-04,vrl: stdlib,2
2022-04,type: task,2
2022-04,transform: route,2
2022-04,source: socket,2
2022-04,source: nats,2
2022-04,source: internal_logs,2
2022-04,source: http_server,2
2022-04,source: datadog_agent,2
2022-04,source: aws_s3,2
2022-04,sink: splunk_hec,2
2022-04,sink: socket,2
2022-04,sink: gcp_stackdriver_metrics,2
2022-04,sink: datadog_metrics,2
2022-04,sink: datadog_logs,2
2022-04,sink: aws_kinesis_firehose,2
2022-04,sink: aws_cloudwatch_logs,2
2022-04,provider: datadog,2
2022-04,have: nice,2
2022-04,domain: unit tests,2
2022-04,domain: topology,2
2022-04,domain: deps,2
2022-04,vrl: compiler,1
2022-04,transform: remap,1
2022-04,transform: lua,1
2022-04,source: syslog,1
2022-04,source: redis,1
2022-04,source: prometheus_scrape,1
2022-04,source: file,1
2022-04,source: exec,1
2022-04,source: demo_logs,1
2022-04,source: datadog_logs,1
2022-04,source: aws_sqs,1
2022-04,sink: new_relic_logs,1
2022-04,sink: loki,1
2022-04,sink: http,1
2022-04,sink: gcp_stackdriver_logs,1
2022-04,sink: gcp_cloud_storage,1
2022-04,sink: file,1
2022-04,sink: datadog_events,1
2022-04,sink: clickhouse,1
2022-04,provider: gcp,1
2022-04,platform: docker,1
2022-04,meta: idea,1
2022-04,domain: traces,1
2022-04,domain: soak tests,1
2022-04,domain: sinks,1
2022-04,domain: setup,1
2022-04,domain: reload,1
2022-04,domain: networking,1
2022-04,domain: logs,1
2022-04,domain: durability,1
2022-04,domain: dev,1
2022-04,domain: delivery,1
2022-04,domain: auth,1
2022-05,type: bug,33
2022-05,type: feature,24
2022-05,domain: vrl,16
2022-05,type: tech debt,7
2022-05,domain: config,7
2022-05,source: gcp_pubsub,6
2022-05,domain: sinks,6
2022-05,domain: observability,6
2022-05,type: enhancement,5
2022-05,provider: gcp,5
2022-05,domain: performance,4
2022-05,domain: codecs,4
2022-05,vrl: compiler,3
2022-05,source: kubernetes_logs,3
2022-05,sink: gcp_cloud_storage,3
2022-05,sink: datadog_metrics,3
2022-05,domain: sources,3
2022-05,domain: ci,3
2022-05,transform: lua,2
2022-05,source: vector,2
2022-05,sink: kafka,2
2022-05,sink: gcp_pubsub,2
2022-05,sink: file,2
2022-05,provider: aws,2
2022-05,platform: rpm,2
2022-05,platform: docker,2
2022-05,needs: rfc,2
2022-05,domain: tests,2
2022-05,domain: schemas,2
2022-05,domain: releasing,2
2022-05,domain: networking,2
2022-05,domain: metrics,2
2022-05,domain: deployment,2
2022-05,domain: buffers,2
2022-05,vrl: syntax,1
2022-05,transform: log_to_metric,1
2022-05,transform: aws_ec2_metadata,1
2022-05,source: prometheus_scrape,1
2022-05,source: nats,1
2022-05,source: internal_logs,1
2022-05,source: exec,1
2022-05,source: datadog_agent,1
2022-05,source: aws_ecs_metrics,1
2022-05,sink: vector,1
2022-05,sink: splunk_hec,1
2022-05,sink: redis,1
2022-05,sink: datadog_logs,1
2022-05,sink: aws_s3,1
2022-05,sink: aws_kinesis_firehose,1
2022-05,sink: aws_cloudwatch_logs,1
2022-05,platform: debian,1
2022-05,platform: arm,1
2022-05,meta: regression,1
2022-05,meta: idea,1
2022-05,meta: blocked,1
2022-05,good first issue,1
2022-05,domain: unit tests,1
2022-05,domain: traces,1
2022-05,domain: soak tests,1
2022-05,domain: shutdown,1
2022-05,domain: security,1
2022-05,domain: platforms,1
2022-05,domain: external docs,1
2022-05,domain: data model,1
2022-05,domain: cli,1
2022-05,domain: architecture,1
2022-06,type: bug,55
2022-06,domain: vrl,15
2022-06,domain: config,13
2022-06,type: feature,10
2022-06,domain: buffers,10
2022-06,domain: delivery,9
2022-06,domain: observability,8
2022-06,type: enhancement,7
2022-06,domain: metrics,7
2022-06,domain: external docs,7
2022-06,vrl: typedef,6
2022-06,domain: reliability,6
2022-06,type: tech debt,5
2022-06,source: file,4
2022-06,sink: datadog_metrics,4
2022-06,meta: regression,4
2022-06,domain: sinks,4
2022-06,domain: reload,4
2022-06,domain: performance,4
2022-06,domain: dev,4
2022-06,vrl: stdlib,3
2022-06,vrl: compiler,3
2022-06,source: internal_metrics,3
2022-06,source: host_metrics,3
2022-06,sink: statsd,3
2022-06,sink: socket,3
2022-06,sink: pulsar,3
2022-06,sink: prometheus_exporter,3
2022-06,sink: papertrail,3
2022-06,sink: gcp_cloud_storage,3
2022-06,sink: datadog_traces,3
2022-06,sink: datadog_logs,3
2022-06,sink: aws_s3,3
2022-06,domain: tests,3
2022-06,domain: releasing,3
2022-06,domain: codecs,3
2022-06,vrl: diagnostic,2
2022-06,transform: tag_cardinality_limit,2
2022-06,transform: lua,2
2022-06,source: vector,2
2022-06,source: journald,2
2022-06,source: datadog_agent,2
2022-06,sink: vector,2
2022-06,sink: prometheus_remote_write,2
2022-06,provider: datadog,2
2022-06,platform: debian,2
2022-06,domain: transforms,2
2022-06,domain: traces,2
2022-06,domain: sources,2
2022-06,domain: platforms,2
2022-06,domain: logs,2
2022-06,domain: ci,2
2022-06,website: template,1
2022-06,source: syslog,1
2022-06,source: stdin,1
2022-06,source: kubernetes_logs,1
2022-06,source: internal_logs,1
2022-06,source: gcp_pubsub,1
2022-06,source: fluent,1
2022-06,source: docker_logs,1
2022-06,source: dnstap,1
2022-06,source: aws_sqs,1
2022-06,source: aws_ecs_metrics,1
2022-06,sink: websocket,1
2022-06,sink: new_relic,1
2022-06,sink: nats,1
2022-06,sink: kafka,1
2022-06,sink: influxdb_logs,1
2022-06,sink: elasticsearch,1
2022-06,sink: datadog_events,1
2022-06,sink: datadog_archives,1
2022-06,sink: console,1
2022-06,sink: clickhouse,1
2022-06,sink: blackhole,1
2022-06,provider: papertrail,1
2022-06,provider: new relic,1
2022-06,platform: windows,1
2022-06,platform: ubuntu,1
2022-06,platform: rpm,1
2022-06,platform: kubernetes,1
2022-06,platform: helm,1
2022-06,platform: amazon-linux,1
2022-06,needs: docs,1
2022-06,meta: idea,1
2022-06,have: nice,1
2022-06,have: must,1
2022-06,good first issue,1
2022-06,domain: unit tests,1
2022-06,domain: setup,1
2022-06,domain: enriching,1
2022-06,domain: data model,1
2022-06,domain: api,1
2022-06,domain: ARC,1
2022-06,Epic,1
2022-07,type: bug,40
2022-07,type: feature,16
2022-07,domain: vrl,16
2022-07,vrl: typedef,14
2022-07,type: enhancement,11
2022-07,type: tech debt,8
2022-07,domain: observability,6
2022-07,domain: config,6
2022-07,vrl: stdlib,5
2022-07,domain: sources,4
2022-07,domain: external docs,4
2022-07,vrl: compiler,3
2022-07,transform: throttle,3
2022-07,sink: http,3
2022-07,sink: aws_s3,3
2022-07,domain: unit tests,3
2022-07,domain: sinks,3
2022-07,domain: performance,3
2022-07,domain: metrics,3
2022-07,domain: deps,3
2022-07,domain: codecs,3
2022-07,domain: buffers,3
2022-07,source: vector,2
2022-07,source: kubernetes_logs,2
2022-07,source: kafka,2
2022-07,source: internal_metrics,2
2022-07,source: host_metrics,2
2022-07,source: file,2
2022-07,sink: elasticsearch,2
2022-07,platform: kubernetes,2
2022-07,domain: transforms,2
2022-07,domain: reload,2
2022-07,domain: networking,2
2022-07,domain: delivery,2
2022-07,domain: core,2
2022-07,Epic,2
2022-07,website: template,1
2022-07,transform: sample,1
2022-07,transform: log_to_metric,1
2022-07,source: socket,1
2022-07,source: redis,1
2022-07,source: opentelemetry,1
2022-07,source: logstash,1
2022-07,source: http_server,1
2022-07,source: fluent,1
2022-07,sink: websocket,1
2022-07,sink: vector,1
2022-07,sink: statsd,1
2022-07,sink: splunk_hec,1
2022-07,sink: socket,1
2022-07,sink: redis,1
2022-07,sink: pulsar,1
2022-07,sink: prometheus_exporter,1
2022-07,sink: papertrail,1
2022-07,sink: opentelemetry,1
2022-07,sink: kafka,1
2022-07,sink: gcp_cloud_storage,1
2022-07,sink: file,1
2022-07,sink: datadog_metrics,1
2022-07,sink: clickhouse,1
2022-07,sink: azure_blob,1
2022-07,provider: datadog,1
2022-07,platform: nix,1
2022-07,needs: rfc,1
2022-07,needs: investigation,1
2022-07,needs: approval,1
2022-07,meta: regression,1
2022-07,meta: idea,1
2022-07,have: nice,1
2022-07,good first issue,1
2022-07,domain: topology,1
2022-07,domain: templating,1
2022-07,domain: shutdown,1
2022-07,domain: schemas,1
2022-07,domain: releasing,1
2022-07,domain: parsing,1
2022-07,domain: logs,1
2022-07,domain: internal docs,1
2022-07,domain: healthchecks,1
2022-07,domain: ci,1
2022-07,dependencies,1
2022-08,domain: observability,34
2022-08,type: bug,33
2022-08,domain: sinks,13
2022-08,type: feature,12
2022-08,domain: sources,11
2022-08,domain: external docs,9
2022-08,domain: config,6
2022-08,source: opentelemetry,5
2022-08,source: file,5
2022-08,sink: new_relic,5
2022-08,domain: vrl,5
2022-08,source: internal_metrics,4
2022-08,provider: new relic,4
2022-08,vrl: stdlib,3
2022-08,type: tech debt,3
2022-08,type: enhancement,3
2022-08,source: new,3
2022-08,sink: datadog_metrics,3
2022-08,transform: remap,2
2022-08,transform: log_to_metric,2
2022-08,source: prometheus_scrape,2
2022-08,source: mongodb_metrics,2
2022-08,source: kubernetes_logs,2
2022-08,source: internal_logs,2
2022-08,source: http_client,2
2022-08,source: docker_logs,2
2022-08,source: datadog_agent,2
2022-08,source: aws_kinesis_firehose,2
2022-08,sink: vector,2
2022-08,sink: splunk_hec,2
2022-08,sink: prometheus_remote_write,2
2022-08,sink: aws_s3,2
2022-08,sink: aws_kinesis_firehose,2
2022-08,sink: aws_cloudwatch_logs,2
2022-08,provider: datadog,2
2022-08,meta: regression,2
2022-08,domain: unit tests,2
2022-08,domain: tests,2
2022-08,domain: reload,2
2022-08,domain: performance,2
2022-08,domain: metrics,2
2022-08,Epic,2
2022-08,vrl: typedef,1
2022-08,transform: reduce,1
2022-08,transform: aggregate,1
2022-08,source: vector,1
2022-08,source: nginx_metrics,1
2022-08,source: nats,1
2022-08,source: logstash,1
2022-08,source: kafka,1
2022-08,source: journald,1
2022-08,source: host_metrics,1
2022-08,source: gcp_pubsub,1
2022-08,source: aws_sqs,1
2022-08,source: aws_s3,1
2022-08,source: aws_ecs_metrics,1
2022-08,source: apache_metrics,1
2022-08,sink: statsd,1
2022-08,sink: socket,1
2022-08,sink: sematext_metrics,1
2022-08,sink: opentelemetry,1
2022-08,sink: new_relic_logs,1
2022-08,sink: nats,1
2022-08,sink: loki,1
2022-08,sink: honeycomb,1
2022-08,sink: gcp_stackdriver_metrics,1
2022-08,sink: file,1
2022-08,sink: datadog_traces,1
2022-08,sink: datadog_logs,1
2022-08,sink: datadog_events,1
2022-08,sink: datadog_archives,1
2022-08,sink: aws_sqs,1
2022-08,sink: aws_kinesis_streams,1
2022-08,sink: aws_cloudwatch_metrics,1
2022-08,provider: gcp,1
2022-08,provider: aws,1
2022-08,platform: docker,1
2022-08,needs: approval,1
2022-08,domain: transforms,1
2022-08,domain: traces,1
2022-08,domain: templating,1
2022-08,domain: enriching,1
2022-08,domain: deps,1
2022-08,domain: codecs,1
2022-08,domain: cli,1
2022-08,domain: ci,1
2022-08,domain: api,1
2022-08,domain: ARC,1
2022-09,type: bug,39
2022-09,domain: observability,26
2022-09,domain: sources,12
2022-09,domain: external docs,12
2022-09,type: feature,10
2022-09,domain: vrl,8
2022-09,vrl: playground,5
2022-09,vrl: stdlib,4
2022-09,source: kubernetes_logs,4
2022-09,source: file,4
2022-09,sink: kafka,4
2022-09,sink: datadog_metrics,4
2022-09,domain: codecs,4
2022-09,type: tech debt,3
2022-09,source: internal_metrics,3
2022-09,source: datadog_agent,3
2022-09,sink: datadog_traces,3
2022-09,domain: enterprise,3
2022-09,domain: config,3
2022-09,website: template,2
2022-09,source: syslog,2
2022-09,source: stdin,2
2022-09,source: kafka,2
2022-09,source: http_client,2
2022-09,source: host_metrics,2
2022-09,sink: aws_s3,2
2022-09,meta: regression,2
2022-09,domain: tests,2
2022-09,domain: performance,2
2022-09,domain: logs,2
2022-09,domain: dev,2
2022-09,domain: cli,2
2022-09,vrl: syntax,1
2022-09,vrl: repl,1
2022-09,type: enhancement,1
2022-09,transform: reduce,1
2022-09,transform: log_to_metric,1
2022-09,transform: filter,1
2022-09,source: vector,1
2022-09,source: statsd,1
2022-09,source: splunk_hec,1
2022-09,source: socket,1
2022-09,source: redis,1
2022-09,source: prometheus_scrape,1
2022-09,source: prometheus_remote_write,1
2022-09,source: postgresql_metrics,1
2022-09,source: opentelemetry,1
2022-09,source: nats,1
2022-09,source: internal_logs,1
2022-09,source: http_server,1
2022-09,source: docker_logs,1
2022-09,source: demo_logs,1
2022-09,source: aws_sqs,1
2022-09,source: aws_s3,1
2022-09,sink: influxdb_metrics,1
2022-09,sink: influxdb_logs,1
2022-09,sink: humio_metrics,1
2022-09,sink: humio_logs,1
2022-09,sink: http,1
2022-09,sink: gcp_cloud_storage,1
2022-09,sink: datadog_logs,1
2022-09,sink: clickhouse,1
2022-09,needs: more info,1
2022-09,needs: approval,1
2022-09,meta: idea,1
2022-09,have: must,1
2022-09,good first issue,1
2022-09,domain: traces,1
2022-09,domain: security,1
2022-09,domain: reload,1
2022-09,domain: metrics,1
2022-09,domain: data model,1
2022-09,domain: buffers,1
2022-10,type: bug,32
2022-10,type: enhancement,27
2022-10,domain: logs,24
2022-10,domain: sources,23
2022-10,type: feature,11
2022-10,domain: vrl,11
2022-10,source: kubernetes_logs,6
2022-10,domain: config,6
2022-10,vrl: playground,5
2022-10,source: kafka,4
2022-10,source: file,4
2022-10,Epic,4
2022-10,type: tech debt,3
2022-10,source: http_client,3
2022-10,sink: datadog_metrics,3
2022-10,domain: external docs,3
2022-10,domain: cli,3
2022-10,domain: ci,3
2022-10,vrl: typedef,2
2022-10,type: task,2
2022-10,source: vector,2
2022-10,source: new,2
2022-10,source: gcp_pubsub,2
2022-10,source: datadog_agent,2
2022-10,sink: kafka,2
2022-10,meta: regression,2
2022-10,domain: templating,2
2022-10,domain: processing,2
2022-10,domain: performance,2
2022-10,domain: metrics,2
2022-10,domain: dev,2
2022-10,vrl: stdlib,1
2022-10,vrl: compiler,1
2022-10,transform: throttle,1
2022-10,transform: remap,1
2022-10,transform: log_to_metric,1
2022-10,transform: filter,1
2022-10,source: syslog,1
2022-10,source: stdin,1
2022-10,source: splunk_hec,1
2022-10,source: socket,1
2022-10,source: redis,1
2022-10,source: opentelemetry,1
2022-10,source: nats,1
2022-10,source: logstash,1
2022-10,source: journald,1
2022-10,source: internal_logs,1
2022-10,source: http_server,1
2022-10,source: heroku_logs,1
2022-10,source: fluent,1
2022-10,source: exec,1
2022-10,source: docker_logs,1
2022-10,source: dnstap,1
2022-10,source: aws_sqs,1
2022-10,source: aws_s3,1
2022-10,sink: vector,1
2022-10,sink: splunk_hec,1
2022-10,sink: pulsar,1
2022-10,sink: new,1
2022-10,sink: http,1
2022-10,sink: gcp_stackdriver_metrics,1
2022-10,sink: file,1
2022-10,sink: elasticsearch,1
2022-10,sink: aws_kinesis_firehose,1
2022-10,provider: grafana,1
2022-10,platform: kubernetes,1
2022-10,meta: idea,1
2022-10,meta: blocked,1
2022-10,domain: unit tests,1
2022-10,domain: transforms,1
2022-10,domain: sinks,1
2022-10,domain: security,1
2022-10,domain: releasing,1
2022-10,domain: observability,1
2022-10,domain: healthchecks,1
2022-10,domain: filtering,1
2022-10,domain: delivery,1
2022-10,domain: codecs,1
2022-10,domain: buffers,1
2022-10,domain: architecture,1
2022-10,domain: api,1
2022-10,domain: ARC,1
2022-10,complexity: simple,1
2022-11,type: bug,26
2022-11,type: feature,16
2022-11,domain: config,12
2022-11,type: enhancement,7
2022-11,vrl: playground,5
2022-11,meta: regression,5
2022-11,domain: vrl,5
2022-11,domain: observability,5
2022-11,domain: external docs,5
2022-11,vrl: stdlib,4
2022-11,domain: tests,4
2022-11,sink: pulsar,3
2022-11,platform: kubernetes,3
2022-11,domain: transforms,3
2022-11,domain: sources,3
2022-11,type: tech debt,2
2022-11,transform: log_to_metric,2
2022-11,source: new,2
2022-11,source: kubernetes_logs,2
2022-11,source: http_server,2
2022-11,source: file,2
2022-11,source: dnstap,2
2022-11,source: datadog_agent,2
2022-11,sink: prometheus_remote_write,2
2022-11,sink: elasticsearch,2
2022-11,domain: logs,2
2022-11,transform: new,1
2022-11,source: redis,1
2022-11,source: nats,1
2022-11,source: internal_metrics,1
2022-11,source: aws_kinesis_firehose,1
2022-11,sink: statsd,1
2022-11,sink: new_relic,1
2022-11,sink: new,1
2022-11,sink: loki,1
2022-11,sink: kafka,1
2022-11,sink: gcp_pubsub,1
2022-11,sink: datadog_metrics,1
2022-11,sink: azure_blob,1
2022-11,sink: aws_cloudwatch_logs,1
2022-11,provider: new relic,1
2022-11,provider: gcp,1
2022-11,provider: azure,1
2022-11,good first issue,1
2022-11,domain: unit tests,1
2022-11,domain: sinks,1
2022-11,domain: performance,1
2022-11,domain: metrics,1
2022-11,domain: enterprise,1
2022-11,domain: enriching,1
2022-11,domain: dev,1
2022-11,domain: data model,1
2022-11,domain: codecs,1
2022-11,domain: cli,1
2022-11,Epic,1
2022-12,type: bug,21
2022-12,type: enhancement,16
2022-12,type: feature,14
2022-12,domain: metrics,12
2022-12,domain: sources,7
2022-12,vrl: playground,6
2022-12,source: statsd,5
2022-12,domain: sinks,4
2022-12,domain: config,4
2022-12,transform: tag_cardinality_limit,3
2022-12,source: kubernetes_logs,3
2022-12,source: internal_metrics,3
2022-12,source: host_metrics,3
2022-12,source: datadog_agent,3
2022-12,source: aws_ecs_metrics,3
2022-12,domain: observability,3
2022-12,domain: external docs,3
2022-12,Epic,3
2022-12,vrl: stdlib,2
2022-12,transform: remap,2
2022-12,source: vector,2
2022-12,source: opentelemetry,2
2022-12,source: file,2
2022-12,source: aws_s3,2
2022-12,sink: statsd,2
2022-12,sink: sematext_metrics,2
2022-12,sink: prometheus_exporter,2
2022-12,sink: new,2
2022-12,sink: http,2
2022-12,sink: elasticsearch,2
2022-12,sink: aws_cloudwatch_metrics,2
2022-12,domain: vrl,2
2022-12,domain: topology,2
2022-12,domain: reload,2
2022-12,domain: performance,2
2022-12,type: tech debt,1
2022-12,transform: metric_to_log,1
2022-12,transform: aggregate,1
2022-12,source: syslog,1
2022-12,source: socket,1
2022-12,source: redis,1
2022-12,source: prometheus_scrape,1
2022-12,source: prometheus_remote_write,1
2022-12,source: postgresql_metrics,1
2022-12,source: nginx_metrics,1
2022-12,source: nats,1
2022-12,source: mongodb_metrics,1
2022-12,source: journald,1
2022-12,source: heroku_logs,1
2022-12,source: gcp_pubsub,1
2022-12,source: docker_logs,1
2022-12,source: aws_kinesis_firehose,1
2022-12,source: apache_metrics,1
2022-12,sink: vector,1
2022-12,sink: redis,1
2022-12,sink: prometheus_remote_write,1
2022-12,sink: new_relic,1
2022-12,sink: nats,1
2022-12,sink: loki,1
2022-12,sink: kafka,1
2022-12,sink: influxdb_metrics,1
2022-12,sink: humio_metrics,1
2022-12,sink: gcp_stackdriver_metrics,1
2022-12,sink: gcp_cloud_storage,1
2022-12,sink: datadog_traces,1
2022-12,sink: datadog_metrics,1
2022-12,sink: azure_blob,1
2022-12,sink: axiom,1
2022-12,sink: aws_sqs,1
2022-12,sink: aws_s3,1
2022-12,sink: aws_cloudwatch_logs,1
2022-12,platform: kubernetes,1
2022-12,needs: rfc,1
2022-12,needs: investigation,1
2022-12,meta: regression,1
2022-12,meta: confirmed,1
2022-12,domain: unit tests,1
2022-12,domain: tests,1
2022-12,domain: soak tests,1
2022-12,domain: releasing,1
2022-12,domain: logs,1
2022-12,domain: enriching,1
2022-12,domain: deps,1
2022-12,domain: codecs,1
2023-01,type: bug,30
2023-01,type: feature,11
2023-01,domain: ci,5
2023-01,vrl: stdlib,3
2023-01,sink: clickhouse,3
2023-01,domain: reload,3
2023-01,domain: config,3
2023-01,type: tech debt,2
2023-01,source: kubernetes_logs,2
2023-01,source: datadog_agent,2
2023-01,sink: splunk_hec,2
2023-01,provider: aws,2
2023-01,meta: regression,2
2023-01,good first issue,2
2023-01,domain: observability,2
2023-01,domain: deps,2
2023-01,website: template,1
2023-01,type: enhancement,1
2023-01,transform: remap,1
2023-01,source: syslog,1
2023-01,source: http_server,1
2023-01,source: file,1
2023-01,source: aws_sqs,1
2023-01,source: aws_s3,1
2023-01,source: aws_kinesis_firehose,1
2023-01,source: aws_ecs_metrics,1
2023-01,sink: prometheus_remote_write,1
2023-01,sink: loki,1
2023-01,sink: http,1
2023-01,sink: aws_sqs,1
2023-01,sink: aws_s3,1
2023-01,sink: aws_kinesis_streams,1
2023-01,sink: aws_kinesis_firehose,1
2023-01,sink: aws_cloudwatch_metrics,1
2023-01,sink: aws_cloudwatch_logs,1
2023-01,provider: splunk,1
2023-01,provider: datadog,1
2023-01,platform: windows,1
2023-01,platform: kubernetes,1
2023-01,platform: centos,1
2023-01,platform: arm64,1
2023-01,platform: arm,1
2023-01,needs: outside help,1
2023-01,needs: more demand,1
2023-01,meta: idea,1
2023-01,domain: vdev,1
2023-01,domain: topology,1
2023-01,domain: shutdown,1
2023-01,domain: setup,1
2023-01,domain: enriching,1
2023-01,domain: dev,1
2023-01,domain: buffers,1
2023-01,complexity: simple,1
2023-02,type: bug,23
2023-02,domain: external docs,13
2023-02,type: feature,11
2023-02,sink: aws_kinesis_streams,4
2023-02,domain: vdev,4
2023-02,domain: security,4
2023-02,meta: regression,3
2023-02,domain: tests,3
2023-02,domain: dev,3
2023-02,domain: codecs,3
2023-02,type: tech debt,2
2023-02,type: enhancement,2
2023-02,source: file,2
2023-02,sink: vector,2
2023-02,sink: datadog_archives,2
2023-02,sink: axiom,2
2023-02,domain: releasing,2
2023-02,domain: observability,2
2023-02,domain: config,2
2023-02,domain: buffers,2
2023-02,Epic,2
2023-02,website: template,1
2023-02,website: search,1
2023-02,website: highlights,1
2023-02,transform: sample,1
2023-02,source: vector,1
2023-02,source: statsd,1
2023-02,source: redis,1
2023-02,source: prometheus_scrape,1
2023-02,source: prometheus_remote_write,1
2023-02,source: internal_metrics,1
2023-02,source: http_server,1
2023-02,source: datadog_agent,1
2023-02,sink: statsd,1
2023-02,sink: sematext_metrics,1
2023-02,sink: sematext_logs,1
2023-02,sink: redis,1
2023-02,sink: prometheus_remote_write,1
2023-02,sink: prometheus_exporter,1
2023-02,sink: new,1
2023-02,sink: loki,1
2023-02,sink: influxdb_logs,1
2023-02,sink: honeycomb,1
2023-02,sink: gcp_chronicle,1
2023-02,sink: file,1
2023-02,sink: elasticsearch,1
2023-02,sink: databend,1
2023-02,sink: clickhouse,1
2023-02,sink: aws_sqs,1
2023-02,sink: aws_s3,1
2023-02,sink: aws_kinesis_firehose,1
2023-02,sink: aws_cloudwatch_metrics,1
2023-02,sink: aws_cloudwatch_logs,1
2023-02,provider: gcp,1
2023-02,meta: blocked,1
2023-02,domain: unit tests,1
2023-02,domain: metrics,1
2023-02,domain: internal docs,1
2023-02,domain: healthchecks,1
2023-02,domain: ci,1
2023-02,dependencies,1
2023-03,type: bug,29
2023-03,type: feature,19
2023-03,sink: aws_s3,6
2023-03,source: journald,5
2023-03,domain: vdev,5
2023-03,type: tech debt,4
2023-03,sink: amqp,4
2023-03,domain: observability,4
2023-03,domain: codecs,4
2023-03,source: file,3
2023-03,meta: regression,3
2023-03,domain: tests,3
2023-03,domain: config,3
2023-03,domain: ci,3
2023-03,source: kubernetes_logs,2
2023-03,source: kafka,2
2023-03,sink: kafka,2
2023-03,sink: elasticsearch,2
2023-03,meta: idea,2
2023-03,meta: confirmed,2
2023-03,domain: sinks,2
2023-03,domain: releasing,2
2023-03,domain: external docs,2
2023-03,domain: buffers,2
2023-03,type: task,1
2023-03,type: enhancement,1
2023-03,source: syslog,1
2023-03,source: prometheus_scrape,1
2023-03,source: new,1
2023-03,source: http_client,1
2023-03,source: host_metrics,1
2023-03,source: gcp_pubsub,1
2023-03,source: docker_logs,1
2023-03,source: datadog_agent,1
2023-03,source: aws_s3,1
2023-03,source: aws_ecs_metrics,1
2023-03,source: amqp,1
2023-03,sink: new,1
2023-03,sink: loki,1
2023-03,sink: influxdb_logs,1
2023-03,sink: azure_blob,1
2023-03,provider: aws,1
2023-03,platform: arm64,1
2023-03,needs: more info,1
2023-03,domain: unit tests,1
2023-03,domain: traces,1
2023-03,domain: topology,1
2023-03,domain: sources,1
2023-03,domain: security,1
2023-03,domain: networking,1
2023-03,domain: healthchecks,1
2023-03,domain: dev,1
2023-03,domain: deps,1
2023-03,domain: core,1
2023-03,domain: api,1
2023-03,Epic,1
2023-04,type: bug,27
2023-04,type: feature,12
2023-04,type: enhancement,10
2023-04,domain: config,7
2023-04,type: tech debt,6
2023-04,domain: vrl,5
2023-04,domain: releasing,5
2023-04,source: file,4
2023-04,sink: elasticsearch,4
2023-04,source: kafka,3
2023-04,vrl: stdlib,2
2023-04,source: splunk_hec,2
2023-04,sink: datadog_metrics,2
2023-04,sink: appsignal,2
2023-04,sink: amqp,2
2023-04,provider: splunk,2
2023-04,meta: regression,2
2023-04,meta: confirmed,2
2023-04,domain: sources,2
2023-04,domain: performance,2
2023-04,domain: external docs,2
2023-04,domain: dev,2
2023-04,vrl: parser,1
2023-04,transform: remap,1
2023-04,transform: aws_ec2_metadata,1
2023-04,source: syslog,1
2023-04,source: prometheus_remote_write,1
2023-04,source: opentelemetry,1
2023-04,source: http_server,1
2023-04,source: host_metrics,1
2023-04,source: fluent,1
2023-04,sink: vector,1
2023-04,sink: splunk_hec,1
2023-04,sink: prometheus_remote_write,1
2023-04,sink: prometheus_exporter,1
2023-04,sink: http,1
2023-04,sink: datadog_logs,1
2023-04,sink: clickhouse,1
2023-04,platform: kubernetes,1
2023-04,needs: approval,1
2023-04,meta: idea,1
2023-04,have: nice,1
2023-04,domain: vdev,1
2023-04,domain: topology,1
2023-04,domain: sinks,1
2023-04,domain: metrics,1
2023-04,domain: enrichment_tables,1
2023-04,domain: core,1
2023-04,domain: compression,1
2023-04,domain: auth,1
2023-05,type: bug,31
2023-05,type: feature,16
2023-05,type: enhancement,11
2023-05,source: file,4
2023-05,domain: config,4
2023-05,domain: metrics,3
2023-05,domain: codecs,3
2023-05,source: opentelemetry,2
2023-05,source: kubernetes_logs,2
2023-05,source: internal_metrics,2
2023-05,sink: opentelemetry,2
2023-05,sink: elasticsearch,2
2023-05,sink: aws_s3,2
2023-05,domain: traces,2
2023-05,domain: sources,2
2023-05,domain: observability,2
2023-05,vrl: playground,1
2023-05,type: tech debt,1
2023-05,transform: tag_cardinality_limit,1
2023-05,transform: lua,1
2023-05,source: redis,1
2023-05,source: http_client,1
2023-05,source: fluent,1
2023-05,source: aws_s3,1
2023-05,sink: gcp_stackdriver_logs,1
2023-05,sink: gcp_pubsub,1
2023-05,sink: file,1
2023-05,sink: aws_kinesis_streams,1
2023-05,sink: aws_cloudwatch_logs,1
2023-05,meta: regression,1
2023-05,meta: idea,1
2023-05,have: should,1
2023-05,domain: vrl,1
2023-05,domain: releasing,1
2023-05,domain: processing,1
2023-05,domain: external docs,1
2023-05,domain: enrichment_tables,1
2023-05,domain: compression,1
2023-05,domain: ci,1
2023-05,Epic,1
2023-06,type: bug,28
2023-06,type: feature,9
2023-06,domain: observability,4
2023-06,type: enhancement,2
2023-06,source: splunk_hec,2
2023-06,source: kubernetes_logs,2
2023-06,provider: aws,2
2023-06,domain: security,2
2023-06,domain: buffers,2
2023-06,vrl: playground,1
2023-06,type: tech debt,1
2023-06,transform: remap,1
2023-06,transform: reduce,1
2023-06,source: socket,1
2023-06,source: prometheus_scrape,1
2023-06,source: new,1
2023-06,source: docker_logs,1
2023-06,sink: vector,1
2023-06,sink: http,1
2023-06,sink: elasticsearch,1
2023-06,sink: datadog_traces,1
2023-06,platform: windows,1
2023-06,meta: awaiting author,1
2023-06,domain: sinks,1
2023-06,domain: reload,1
2023-06,domain: releasing,1
2023-06,domain: networking,1
2023-06,domain: logs,1
2023-06,domain: core,1
2023-06,domain: config,1
2023-06,domain: ARC,1
2023-07,type: bug,38
2023-07,type: feature,17
2023-07,source: vector,3
2023-07,source: kubernetes_logs,3
2023-07,sink: vector,3
2023-07,meta: idea,3
2023-07,meta: confirmed,3
2023-07,domain: config,3
2023-07,domain: ci,3
2023-07,source: socket,2
2023-07,source: journald,2
2023-07,source: internal_metrics,2
2023-07,source: http_server,2
2023-07,source: datadog_agent,2
2023-07,sink: elasticsearch,2
2023-07,meta: regression,2
2023-07,domain: tests,2
2023-07,domain: codecs,2
2023-07,vrl: stdlib,1
2023-07,transform: throttle,1
2023-07,source: kafka,1
2023-07,source: file,1
2023-07,source: aws_kinesis_firehose,1
2023-07,sink: websocket,1
2023-07,sink: splunk_hec,1
2023-07,sink: http,1
2023-07,sink: honeycomb,1
2023-07,sink: gcp_stackdriver_metrics,1
2023-07,sink: datadog_metrics,1
2023-07,sink: datadog_logs,1
2023-07,good first issue,1
2023-07,domain: vrl,1
2023-07,domain: vdev,1
2023-07,domain: transforms,1
2023-07,domain: topology,1
2023-07,domain: observability,1
2023-07,domain: external docs,1
2023-07,domain: core,1
2023-07,domain: api,1
2023-08,type: bug,37
2023-08,type: feature,27
2023-08,domain: external docs,5
2023-08,type: enhancement,4
2023-08,domain: observability,4
2023-08,transform: reduce,3
2023-08,domain: reload,3
2023-08,domain: releasing,3
2023-08,domain: codecs,3
2023-08,domain: buffers,3
2023-08,vrl: playground,2
2023-08,source: file,2
2023-08,sink: nats,2
2023-08,sink: elasticsearch,2
2023-08,sink: azure_blob,2
2023-08,sink: aws_s3,2
2023-08,meta: confirmed,2
2023-08,domain: sinks,2
2023-08,domain: config,2
2023-08,type: tech debt,1
2023-08,transform: sample,1
2023-08,transform: dedupe,1
2023-08,source: prometheus_scrape,1
2023-08,source: new,1
2023-08,source: kubernetes_logs,1
2023-08,source: dnstap,1
2023-08,sink: splunk_hec,1
2023-08,sink: redis,1
2023-08,sink: pulsar,1
2023-08,sink: prometheus_remote_write,1
2023-08,sink: new_relic,1
2023-08,sink: new,1
2023-08,sink: kafka,1
2023-08,sink: http,1
2023-08,sink: honeycomb,1
2023-08,sink: gcp_cloud_storage,1
2023-08,sink: datadog_metrics,1
2023-08,sink: datadog_logs,1
2023-08,sink: aws_kinesis_firehose,1
2023-08,sink: appsignal,1
2023-08,platform: kubernetes,1
2023-08,platform: debian,1
2023-08,meta: regression,1
2023-08,meta: idea,1
2023-08,domain: vrl,1
2023-08,domain: setup,1
2023-08,domain: security,1
2023-08,domain: processing,1
2023-08,domain: platforms,1
2023-08,domain: ci,1
2023-09,type: bug,38
2023-09,type: feature,10
2023-09,source: datadog_agent,8
2023-09,sink: datadog_logs,4
2023-09,sink: datadog_traces,3
2023-09,sink: datadog_metrics,3
2023-09,domain: external docs,3
2023-09,domain: config,3
2023-09,domain: ARC,3
2023-09,source: kubernetes_logs,2
2023-09,sink: socket,2
2023-09,sink: elasticsearch,2
2023-09,sink: datadog_events,2
2023-09,meta: regression,2
2023-09,domain: schemas,2
2023-09,domain: releasing,2
2023-09,domain: core,2
2023-09,domain: codecs,2
2023-09,domain: buffers,2
2023-09,type: enhancement,1
2023-09,source: host_metrics,1
2023-09,sink: new,1
2023-09,provider: datadog,1
2023-09,provider: aws,1
2023-09,platform: kubernetes,1
2023-09,needs: rfc,1
2023-09,meta: confirmed,1
2023-09,domain: vrl,1
2023-09,domain: tests,1
2023-09,domain: sources,1
2023-09,domain: security,1
2023-09,domain: observability,1
2023-09,domain: metrics,1
2023-09,domain: dev,1
2023-09,domain: data model,1
2023-09,domain: architecture,1
2023-10,type: bug,32
2023-10,type: feature,19
2023-10,source: file,5
2023-10,meta: confirmed,3
2023-10,domain: buffers,3
2023-10,type: enhancement,2
2023-10,source: kubernetes_logs,2
2023-10,sink: redis,2
2023-10,domain: security,2
2023-10,website: search,1
2023-10,type: tech debt,1
2023-10,source: new,1
2023-10,source: journald,1
2023-10,source: http_server,1
2023-10,source: host_metrics,1
2023-10,source: docker_logs,1
2023-10,source: dnstap,1
2023-10,source: datadog_agent,1
2023-10,source: aws_s3,1
2023-10,sink: splunk_hec,1
2023-10,sink: prometheus_remote_write,1
2023-10,sink: loki,1
2023-10,sink: aws_sqs,1
2023-10,sink: aws_cloudwatch_metrics,1
2023-10,sink: amqp,1
2023-10,meta: regression,1
2023-10,meta: awaiting author,1
2023-10,domain: vrl,1
2023-10,domain: vdev,1
2023-10,domain: reload,1
2023-10,domain: releasing,1
2023-10,domain: performance,1
2023-10,domain: parsing,1
2023-10,domain: observability,1
2023-10,domain: networking,1
2023-10,domain: enriching,1
2023-10,domain: deps,1
2023-10,domain: config,1
2023-10,domain: codecs,1
2023-11,type: bug,40
2023-11,type: feature,7
2023-11,type: enhancement,6
2023-11,domain: config,6
2023-11,domain: buffers,5
2023-11,type: tech debt,4
2023-11,domain: security,4
2023-11,sink: loki,3
2023-11,meta: regression,3
2023-11,domain: releasing,3
2023-11,source: kubernetes_logs,2
2023-11,source: docker_logs,2
2023-11,sink: datadog_metrics,2
2023-11,sink: azure_blob,2
2023-11,platform: debian,2
2023-11,meta: confirmed,2
2023-11,domain: performance,2
2023-11,domain: codecs,2
2023-11,transform: throttle,1
2023-11,source: stdin,1
2023-11,source: socket,1
2023-11,source: prometheus_scrape,1
2023-11,source: logstash,1
2023-11,source: kafka,1
2023-11,source: internal_metrics,1
2023-11,source: file,1
2023-11,source: dnstap,1
2023-11,source: amqp,1
2023-11,sink: splunk_hec,1
2023-11,sink: prometheus_remote_write,1
2023-11,sink: new,1
2023-11,sink: kafka,1
2023-11,sink: gcp_cloud_storage,1
2023-11,sink: gcp_chronicle,1
2023-11,sink: aws_s3,1
2023-11,sink: aws_kinesis_streams,1
2023-11,sink: aws_kinesis_firehose,1
2023-11,sink: amqp,1
2023-11,provider: splunk,1
2023-11,platform: ubuntu,1
2023-11,domain: vrl,1
2023-11,domain: sinks,1
2023-11,domain: reliability,1
2023-11,domain: metrics,1
2023-11,domain: logs,1
2023-11,domain: internal docs,1
2023-11,domain: external docs,1
2023-11,domain: dev,1
2023-11,domain: deps,1
2023-11,domain: cli,1
2023-11,domain: ci,1
2023-11,domain: api,1
2023-11,dependencies,1
2023-12,type: bug,30
2023-12,type: feature,11
2023-12,domain: config,4
2023-12,type: enhancement,3
2023-12,domain: observability,3
2023-12,transform: remap,2
2023-12,source: syslog,2
2023-12,domain: vrl,2
2023-12,domain: sinks,2
2023-12,domain: releasing,2
2023-12,domain: codecs,2
2023-12,vrl: playground,1
2023-12,transform: tag_cardinality_limit,1
2023-12,transform: sample,1
2023-12,transform: log_to_metric,1
2023-12,source: vector,1
2023-12,source: prometheus_remote_write,1
2023-12,source: postgresql_metrics,1
2023-12,source: opentelemetry,1
2023-12,source: kubernetes_logs,1
2023-12,source: kafka,1
2023-12,source: http_server,1
2023-12,source: gcp_pubsub,1
2023-12,source: datadog_agent,1
2023-12,sink: splunk_hec,1
2023-12,sink: loki,1
2023-12,sink: elasticsearch,1
2023-12,sink: clickhouse,1
2023-12,sink: azure_blob,1
2023-12,provider: gcp,1
2023-12,domain: topology,1
2023-12,domain: processing,1
2023-12,domain: compression,1
2024-01,type: bug,35
2024-01,type: feature,18
2024-01,domain: config,5
2024-01,domain: codecs,4
2024-01,domain: buffers,3
2024-01,source: http_server,2
2024-01,sink: aws_s3,2
2024-01,meta: awaiting author,2
2024-01,domain: releasing,2
2024-01,domain: observability,2
2024-01,vrl: stdlib,1
2024-01,type: announcement,1
2024-01,source: prometheus_scrape,1
2024-01,source: new,1
2024-01,source: internal_metrics,1
2024-01,source: host_metrics,1
2024-01,source: file,1
2024-01,source: dnstap,1
2024-01,sink: prometheus_remote_write,1
2024-01,sink: kafka,1
2024-01,sink: gcp_stackdriver_logs,1
2024-01,sink: gcp_pubsub,1
2024-01,sink: azure_blob,1
2024-01,provider: aws,1
2024-01,good first issue,1
2024-01,enrichment_table: csv,1
2024-01,domain: unit tests,1
2024-01,domain: delivery,1
2024-02,type: bug,23
2024-02,type: feature,16
2024-02,source: dnstap,4
2024-02,domain: releasing,3
2024-02,source: new,2
2024-02,source: file,2
2024-02,sink: prometheus_exporter,2
2024-02,sink: elasticsearch,2
2024-02,domain: config,2
2024-02,domain: codecs,2
2024-02,type: tech debt,1
2024-02,type: enhancement,1
2024-02,transform: reduce,1
2024-02,transform: log_to_metric,1
2024-02,source: socket,1
2024-02,source: prometheus_remote_write,1
2024-02,source: kubernetes_logs,1
2024-02,source: kafka,1
2024-02,source: internal_metrics,1
2024-02,source: http_client,1
2024-02,source: host_metrics,1
2024-02,source: aws_s3,1
2024-02,sink: http,1
2024-02,sink: gcp_cloud_storage,1
2024-02,sink: aws_s3,1
2024-02,provider: aws,1
2024-02,platform: windows,1
2024-02,meta: regression,1
2024-02,good first issue,1
2024-02,domain: security,1
2024-02,domain: dev,1
2024-02,complexity: moderate,1
2024-03,type: bug,15
2024-03,type: feature,12
2024-03,domain: releasing,4
2024-03,domain: observability,4
2024-03,source: prometheus_scrape,2
2024-03,source: aws_s3,2
2024-03,sink: kafka,2
2024-03,sink: aws_s3,2
2024-03,domain: buffers,2
2024-03,transform: tag_cardinality_limit,1
2024-03,source: syslog,1
2024-03,source: socket,1
2024-03,source: new,1
2024-03,source: kubernetes_logs,1
2024-03,source: kafka,1
2024-03,source: internal_logs,1
2024-03,source: http_server,1
2024-03,source: host_metrics,1
2024-03,source: file,1
2024-03,source: docker_logs,1
2024-03,sink: prometheus_remote_write,1
2024-03,sink: prometheus_exporter,1
2024-03,sink: loki,1
2024-03,sink: gcp_cloud_storage,1
2024-03,sink: datadog_metrics,1
2024-03,sink: amqp,1
2024-03,provider: aws,1
2024-03,domain: security,1
2024-03,domain: platforms,1
2024-03,domain: networking,1
2024-03,domain: enrichment_tables,1
2024-03,domain: config,1
2024-03,domain: codecs,1
2024-04,type: bug,17
2024-04,type: feature,9
2024-04,domain: observability,3
2024-04,domain: config,3
2024-04,source: kafka,2
2024-04,source: http_server,2
2024-04,meta: awaiting author,2
2024-04,good first issue,2
2024-04,domain: unit tests,2
2024-04,domain: releasing,2
2024-04,domain: performance,2
2024-04,domain: buffers,2
2024-04,vrl: playground,1
2024-04,type: enhancement,1
2024-04,source: prometheus_pushgateway,1
2024-04,source: new,1
2024-04,source: gcp_pubsub,1
2024-04,source: exec,1
2024-04,source: docker_logs,1
2024-04,source: aws_s3,1
2024-04,sink: splunk_hec,1
2024-04,sink: file,1
2024-04,sink: elasticsearch,1
2024-04,sink: clickhouse,1
2024-04,sink: aws_s3,1
2024-04,provider: gcp,1
2024-04,provider: aws,1
2024-04,platform: windows,1
2024-04,domain: processing,1
2024-04,domain: codecs,1
2024-05,type: bug,23
2024-05,type: feature,6
2024-05,domain: observability,4
2024-05,domain: config,4
2024-05,source: host_metrics,2
2024-05,sink: loki,2
2024-05,meta: awaiting author,2
2024-05,domain: reliability,2
2024-05,domain: performance,2
2024-05,domain: cli,2
2024-05,transform: reduce,1
2024-05,transform: log_to_metric,1
2024-05,source: vector,1
2024-05,source: kubernetes_logs,1
2024-05,source: internal_metrics,1
2024-05,source: http_server,1
2024-05,source: file,1
2024-05,source: aws_s3,1
2024-05,sink: prometheus_remote_write,1
2024-05,sink: clickhouse,1
2024-05,sink: aws_kinesis_streams,1
2024-05,good first issue,1
2024-05,domain: releasing,1
2024-05,domain: platforms,1
2024-05,domain: networking,1
2024-05,domain: codecs,1
2024-05,domain: buffers,1
2024-06,type: bug,16
2024-06,type: feature,9
2024-06,source: file,2
2024-06,domain: observability,2
2024-06,vrl: playground,1
2024-06,source: statsd,1
2024-06,source: prometheus_scrape,1
2024-06,source: prometheus_remote_write,1
2024-06,source: prometheus_pushgateway,1
2024-06,source: kubernetes_logs,1
2024-06,source: kafka,1
2024-06,source: http_client,1
2024-06,source: dnstap,1
2024-06,source: datadog_agent,1
2024-06,source: amqp,1
2024-06,sink: socket,1
2024-06,sink: loki,1
2024-06,sink: kafka,1
2024-06,sink: http,1
2024-06,sink: clickhouse,1
2024-06,sink: amqp,1
2024-06,provider: azure,1
2024-06,platform: windows,1
2024-06,platform: kubernetes,1
2024-06,domain: tests,1
2024-06,domain: releasing,1
2024-06,domain: metrics,1
2024-06,domain: config,1
2024-06,domain: codecs,1
2024-07,type: bug,23
2024-07,type: feature,6
2024-07,domain: config,3
2024-07,type: tech debt,2
2024-07,source: aws_ecs_metrics,2
2024-07,sink: prometheus_remote_write,2
2024-07,good first issue,2
2024-07,domain: releasing,2
2024-07,domain: codecs,2
2024-07,type: enhancement,1
2024-07,transform: tag_cardinality_limit,1
2024-07,transform: sample,1
2024-07,transform: dedupe,1
2024-07,source: pulsar,1
2024-07,source: new,1
2024-07,source: kubernetes_logs,1
2024-07,source: kafka,1
2024-07,source: fluent,1
2024-07,source: file,1
2024-07,sink: new,1
2024-07,sink: nats,1
2024-07,sink: loki,1
2024-07,sink: gcp_cloud_storage,1
2024-07,sink: file,1
2024-07,provider: azure,1
2024-07,platform: windows,1
2024-07,platform: freebsd,1
2024-07,platform: docker,1
2024-07,enrichment_table: geoip,1
2024-07,domain: tests,1
2024-07,domain: sinks,1
2024-07,domain: performance,1
2024-07,domain: enriching,1
2024-07,domain: delivery,1
2024-07,domain: buffers,1
2024-08,type: bug,21
2024-08,type: feature,7
2024-08,domain: codecs,7
2024-08,source: http_server,4
2024-08,good first issue,3
2024-08,transform: reduce,2
2024-08,source: file,2
2024-08,meta: regression,2
2024-08,domain: observability,2
2024-08,domain: external docs,2
2024-08,domain: core,2
2024-08,domain: config,2
2024-08,type: tech debt,1
2024-08,type: enhancement,1
2024-08,transform: tag_cardinality_limit,1
2024-08,source: kafka,1
2024-08,source: aws_s3,1
2024-08,source: amqp,1
2024-08,sink: new,1
2024-08,sink: kafka,1
2024-08,sink: honeycomb,1
2024-08,sink: gcp_cloud_storage,1
2024-08,sink: file,1
2024-08,provider: gcp,1
2024-08,platform: windows,1
2024-08,platform: nix,1
2024-08,domain: setup,1
2024-08,domain: reliability,1
2024-08,domain: releasing,1
2024-08,domain: delivery,1
2024-08,domain: cli,1
2024-09,type: bug,14
2024-09,type: feature,8
2024-09,domain: observability,4
2024-09,source: syslog,3
2024-09,source: kafka,3
2024-09,meta: awaiting author,3
2024-09,domain: releasing,3
2024-09,sink: new,2
2024-09,domain: unit tests,2
2024-09,domain: config,2
2024-09,domain: cli,2
2024-09,type: tech debt,1
2024-09,type: enhancement,1
2024-09,source: kubernetes_logs,1
2024-09,source: http_server,1
2024-09,source: host_metrics,1
2024-09,source: file,1
2024-09,sink: webhdfs,1
2024-09,sink: mqtt,1
2024-09,sink: loki,1
2024-09,sink: kafka,1
2024-09,sink: datadog_metrics,1
2024-09,sink: azure_blob,1
2024-09,sink: axiom,1
2024-09,sink: aws_s3,1
2024-09,platform: kubernetes,1
2024-09,meta: regression,1
2024-09,domain: security,1
2024-09,domain: logs,1
2024-09,domain: enrichment_tables,1
2024-09,domain: codecs,1
2024-09,domain: api,1
2024-09,domain: ARC,1
2024-10,type: bug,24
2024-10,type: feature,4
2024-10,domain: buffers,3
2024-10,type: enhancement,2
2024-10,transform: remap,2
2024-10,source: kafka,2
2024-10,source: host_metrics,2
2024-10,sink: aws_s3,2
2024-10,domain: unit tests,2
2024-10,domain: observability,2
2024-10,domain: external docs,2
2024-10,domain: dev,2
2024-10,domain: config,2
2024-10,domain: ci,2
2024-10,type: tech debt,1
2024-10,transform: sample,1
2024-10,transform: reduce,1
2024-10,transform: log_to_metric,1
2024-10,transform: aggregate,1
2024-10,source: new,1
2024-10,source: kubernetes_logs,1
2024-10,sink: new,1
2024-10,sink: mqtt,1
2024-10,sink: loki,1
2024-10,sink: elasticsearch,1
2024-10,sink: datadog_logs,1
2024-10,provider: aws,1
2024-10,platform: windows,1
2024-10,have: nice,1
2024-10,good first issue,1
2024-10,domain: tests,1
2024-10,domain: releasing,1
2024-10,domain: networking,1
2024-10,domain: metrics,1
2024-10,domain: codecs,1
2024-10,complexity: high,1
2024-11,type: bug,12
2024-11,type: feature,9
2024-11,domain: config,4
2024-11,domain: releasing,3
2024-11,domain: dev,3
2024-11,type: enhancement,2
2024-11,domain: external docs,2
2024-11,domain: buffers,2
2024-11,vrl: stdlib,1
2024-11,type: announcement,1
2024-11,transform: new,1
2024-11,source: opentelemetry,1
2024-11,source: kubernetes_logs,1
2024-11,source: http_server,1
2024-11,source: file,1
2024-11,source: aws_s3,1
2024-11,sink: vector,1
2024-11,sink: nats,1
2024-11,sink: file,1
2024-11,sink: elasticsearch,1
2024-11,sink: azure_blob,1
2024-11,sink: aws_cloudwatch_metrics,1
2024-11,meta: awaiting author,1
2024-11,good first issue,1
2024-11,domain: vrl,1
2024-11,domain: platforms,1
2024-11,domain: metrics,1
2024-11,domain: enrichment_tables,1
2024-11,domain: codecs,1
2024-11,domain: ci,1
2024-11,domain: ARC,1
2024-12,type: bug,15
2024-12,type: feature,8
2024-12,source: prometheus_scrape,3
2024-12,source: kafka,3
2024-12,meta: regression,3
2024-12,transform: reduce,2
2024-12,source: host_metrics,2
2024-12,sink: gcp_chronicle,2
2024-12,sink: clickhouse,2
2024-12,good first issue,2
2024-12,domain: external docs,2
2024-12,transform: aws_ec2_metadata,1
2024-12,source: redis,1
2024-12,source: postgresql_metrics,1
2024-12,source: new,1
2024-12,source: mqtt,1
2024-12,source: internal_metrics,1
2024-12,sink: opentelemetry,1
2024-12,sink: new,1
2024-12,sink: loki,1
2024-12,sink: kafka,1
2024-12,sink: aws_cloudwatch_logs,1
2024-12,domain: releasing,1
2025-01,type: bug,24
2025-01,type: feature,8
2025-01,domain: external docs,5
2025-01,source: file,4
2025-01,sink: opentelemetry,4
2025-01,type: enhancement,3
2025-01,domain: config,3
2025-01,source: kubernetes_logs,2
2025-01,source: http_server,2
2025-01,sink: datadog_logs,2
2025-01,domain: releasing,2
2025-01,domain: networking,2
2025-01,vrl: stdlib,1
2025-01,source: splunk_hec,1
2025-01,source: kafka,1
2025-01,source: journald,1
2025-01,source: host_metrics,1
2025-01,source: gcp_pubsub,1
2025-01,source: datadog_agent,1
2025-01,sink: http,1
2025-01,sink: file,1
2025-01,sink: clickhouse,1
2025-01,sink: azure_blob,1
2025-01,sink: aws_kinesis_streams,1
2025-01,sink: amqp,1
2025-01,meta: awaiting author,1
2025-01,domain: traces,1
2025-01,domain: security,1
2025-01,domain: metrics,1
2025-01,domain: logs,1
2025-01,domain: enrichment_tables,1
2025-01,domain: dev,1
2025-01,domain: ci,1
2025-01,domain: api,1
2025-02,type: bug,23
2025-02,type: enhancement,4
2025-02,source: kubernetes_logs,3
2025-02,domain: releasing,3
2025-02,domain: external docs,3
2025-02,transform: remap,2
2025-02,sink: prometheus_exporter,2
2025-02,sink: gcp_stackdriver_logs,2
2025-02,sink: clickhouse,2
2025-02,sink: aws_s3,2
2025-02,platform: windows,2
2025-02,domain: security,2
2025-02,domain: metrics,2
2025-02,type: tech debt,1
2025-02,type: feature,1
2025-02,transform: exclusive_route,1
2025-02,source: vector,1
2025-02,source: nats,1
2025-02,source: host_metrics,1
2025-02,source: file,1
2025-02,sink: vector,1
2025-02,sink: nats,1
2025-02,sink: loki,1
2025-02,sink: kafka,1
2025-02,sink: elasticsearch,1
2025-02,sink: datadog_metrics,1
2025-02,provider: splunk,1
2025-02,hacktoberfest,1
2025-02,good first issue,1
2025-02,domain: validation,1
2025-02,domain: traces,1
2025-02,domain: tests,1
2025-02,domain: schemas,1
2025-02,domain: internal docs,1
2025-02,domain: delivery,1
2025-02,domain: cli,1
2025-02,domain: buffers,1
2025-03,type: bug,25
2025-03,type: feature,20
2025-03,source: socket,2
2025-03,source: opentelemetry,2
2025-03,source: kubernetes_logs,2
2025-03,source: http_server,2
2025-03,source: file,2
2025-03,sink: socket,2
2025-03,sink: opentelemetry,2
2025-03,sink: amqp,2
2025-03,vrl: stdlib,1
2025-03,type: enhancement,1
2025-03,transform: log_to_metric,1
2025-03,source: syslog,1
2025-03,source: splunk_hec,1
2025-03,source: redis,1
2025-03,source: kafka,1
2025-03,source: journald,1
2025-03,source: http_client,1
2025-03,sink: prometheus_remote_write,1
2025-03,sink: prometheus_exporter,1
2025-03,sink: nats,1
2025-03,sink: loki,1
2025-03,sink: datadog_traces,1
2025-03,sink: datadog_logs,1
2025-03,sink: aws_sqs,1
2025-03,sink: aws_s3,1
2025-03,platform: kubernetes,1
2025-03,domain: releasing,1
2025-03,domain: performance,1
2025-03,domain: metrics,1
2025-03,domain: external docs,1
2025-03,domain: enrichment_tables,1
2025-03,domain: deployment,1
2025-03,domain: codecs,1
2025-03,domain: cli,1
2025-03,domain: api,1
2025-04,type: bug,38
2025-04,type: feature,17
2025-04,domain: performance,4
2025-04,platform: kubernetes,3
2025-04,transform: reduce,2
2025-04,source: new,2
2025-04,source: kafka,2
2025-04,source: aws_s3,2
2025-04,sink: azure_blob,2
2025-04,sink: aws_kinesis_streams,2
2025-04,sink: aws_cloudwatch_logs,2
2025-04,good first issue,2
2025-04,domain: releasing,2
2025-04,domain: codecs,2
2025-04,vrl: diagnostic,1
2025-04,type: tech debt,1
2025-04,type: enhancement,1
2025-04,transform: remap,1
2025-04,transform: dedupe,1
2025-04,source: opentelemetry,1
2025-04,source: http_server,1
2025-04,source: http_client,1
2025-04,source: file,1
2025-04,source: dnstap,1
2025-04,sink: splunk_hec,1
2025-04,sink: redis,1
2025-04,sink: nats,1
2025-04,sink: kafka,1
2025-04,sink: influxdb_metrics,1
2025-04,sink: elasticsearch,1
2025-04,sink: clickhouse,1
2025-04,sink: aws_s3,1
2025-04,sink: aws_kinesis_firehose,1
2025-04,provider: azure,1
2025-04,enrichment_table: geoip,1
2025-04,domain: unit tests,1
2025-04,domain: security,1
2025-04,domain: memory,1
2025-04,domain: log_namespace,1
2025-04,domain: external docs,1
2025-04,domain: enrichment_tables,1
2025-04,domain: buffers,1
2025-05,type: feature,27
2025-05,type: bug,27
2025-05,domain: config,5
2025-05,sink: elasticsearch,4
2025-05,domain: codecs,3
2025-05,domain: buffers,3
2025-05,transform: log_to_metric,2
2025-05,source: new,2
2025-05,source: journald,2
2025-05,sink: aws_s3,2
2025-05,domain: reload,2
2025-05,domain: memory,2
2025-05,source: syslog,1
2025-05,source: statsd,1
2025-05,source: socket,1
2025-05,source: http_client,1
2025-05,source: file,1
2025-05,sink: websocket,1
2025-05,sink: vector,1
2025-05,sink: splunk_hec,1
2025-05,sink: redis,1
2025-05,sink: postgres,1
2025-05,sink: opentelemetry,1
2025-05,sink: new,1
2025-05,sink: loki,1
2025-05,sink: datadog_traces,1
2025-05,sink: aws_sqs,1
2025-05,sink: amqp,1
2025-05,provider: azure,1
2025-05,domain: validation,1
2025-05,domain: templating,1
2025-05,domain: security,1
2025-05,domain: releasing,1
2025-05,domain: log_namespace,1
2025-05,domain: external docs,1
2025-05,domain: enrichment_tables,1
2025-05,domain: api,1
2025-06,type: bug,15
2025-06,type: feature,14
2025-06,domain: performance,3
2025-06,domain: metrics,2
2025-06,domain: config,2
2025-06,transform: remap,1
2025-06,transform: new,1
2025-06,transform: dedupe,1
2025-06,transform: aggregate,1
2025-06,source: socket,1
2025-06,source: opentelemetry,1
2025-06,source: mqtt,1
2025-06,source: kafka,1
2025-06,source: journald,1
2025-06,source: http_server,1
2025-06,source: aws_sqs,1
2025-06,sink: redis,1
2025-06,sink: postgres,1
2025-06,sink: datadog_logs,1
2025-06,sink: aws_cloudwatch_logs,1
2025-06,good first issue,1
2025-06,domain: security,1
2025-06,domain: releasing,1
2025-06,domain: memory,1
2025-06,domain: internal docs,1
2025-07,type: bug,18
2025-07,type: feature,11
2025-07,type: tech debt,3
2025-07,sink: loki,2
2025-07,domain: tests,2
2025-07,domain: external docs,2
2025-07,domain: deps,2
2025-07,domain: core,2
2025-07,type: enhancement,1
2025-07,transform: reduce,1
2025-07,source: splunk_hec,1
2025-07,source: new,1
2025-07,source: logstash,1
2025-07,source: http_server,1
2025-07,source: host_metrics,1
2025-07,source: datadog_agent,1
2025-07,source: amqp,1
2025-07,sink: opentelemetry,1
2025-07,sink: new,1
2025-07,sink: elasticsearch,1
2025-07,sink: datadog_metrics,1
2025-07,meta: confirmed,1
2025-07,good first issue,1
2025-07,domain: vrl,1
2025-07,domain: validation,1
2025-07,domain: traces,1
2025-07,domain: sinks,1
2025-07,domain: metrics,1
2025-07,domain: log_namespace,1
2025-07,domain: dev,1
2025-07,domain: config,1
2025-07,domain: codecs,1
2025-07,domain: buffers,1
2025-08,type: bug,27
2025-08,type: feature,11
2025-08,sink: clickhouse,4
2025-08,domain: performance,4
2025-08,type: enhancement,2
2025-08,source: kubernetes_logs,2
2025-08,source: file,2
2025-08,source: docker_logs,2
2025-08,domain: vrl,2
2025-08,domain: codecs,2
2025-08,vrl: compiler,1
2025-08,type: tech debt,1
2025-08,transform: new,1
2025-08,transform: lua,1
2025-08,transform: log_to_metric,1
2025-08,source: syslog,1
2025-08,source: opentelemetry,1
2025-08,source: mqtt,1
2025-08,source: host_metrics,1
2025-08,sink: splunk_hec,1
2025-08,sink: prometheus_exporter,1
2025-08,sink: kafka,1
2025-08,sink: humio_logs,1
2025-08,sink: aws_s3,1
2025-08,platform: macos,1
2025-08,platform: docker,1
2025-08,meta: regression,1
2025-08,have: nice,1
2025-08,hacktoberfest,1
2025-08,good first issue,1
2025-08,domain: validation,1
2025-08,domain: tests,1
2025-08,domain: releasing,1
2025-08,domain: enrichment_tables,1
2025-08,domain: config,1
2025-09,type: feature,16
2025-09,type: bug,16
2025-09,source: file,4
2025-09,domain: buffers,3
2025-09,type: tech debt,2
2025-09,source: docker_logs,2
2025-09,sink: aws_s3,2
2025-09,domain: tests,2
2025-09,domain: reload,2
2025-09,domain: releasing,2
2025-09,domain: memory,2
2025-09,domain: ci,2
2025-09,complexity: high,2
2025-09,vrl: playground,1
2025-09,transform: dedupe,1
2025-09,source: opentelemetry,1
2025-09,source: mongodb_metrics,1
2025-09,source: http_server,1
2025-09,source: http_client,1
2025-09,source: amqp,1
2025-09,sink: splunk_hec,1
2025-09,sink: socket,1
2025-09,sink: opentelemetry,1
2025-09,sink: loki,1
2025-09,sink: gcp_cloud_storage,1
2025-09,sink: file,1
2025-09,sink: datadog_metrics,1
2025-09,sink: datadog_logs,1
2025-09,sink: azure_blob,1
2025-09,sink: amqp,1
2025-09,needs: investigation,1
2025-09,meta: regression,1
2025-09,have: nice,1
2025-09,hacktoberfest,1
2025-09,good first issue,1
2025-09,domain: metrics,1
2025-09,domain: external docs,1
2025-09,domain: dev,1
2025-09,complexity: moderate,1
2025-10,type: feature,12
2025-10,type: bug,12
2025-10,source: opentelemetry,2
2025-10,source: file,2
2025-10,source: aws_s3,2
2025-10,domain: metrics,2
2025-10,type: enhancement,1
2025-10,transform: exclusive_route,1
2025-10,transform: aggregate,1
2025-10,source: websocket,1
2025-10,source: socket,1
2025-10,source: kubernetes_logs,1
2025-10,source: docker_logs,1
2025-10,sink: prometheus_remote_write,1
2025-10,sink: opentelemetry,1
2025-10,sink: clickhouse,1
2025-10,sink: axiom,1
2025-10,platform: macos,1
2025-10,platform: kubernetes,1
2025-10,needs: more info,1
2025-10,meta: regression,1
2025-10,meta: idea,1
2025-10,meta: confirmed,1
2025-10,hacktoberfest,1
2025-10,good first issue,1
2025-10,enrichment_table: csv,1
2025-10,domain: website,1
2025-10,domain: reload,1
2025-10,domain: releasing,1
2025-10,domain: performance,1
2025-10,domain: config,1
2025-10,domain: codecs,1
2025-10,domain: cli,1
2025-10,domain: api,1
2025-11,type: bug,10
2025-11,type: feature,9
2025-11,meta: regression,3
2025-11,type: enhancement,2
2025-11,source: opentelemetry,2
2025-11,source: kafka,2
2025-11,sink: kafka,2
2025-11,domain: metrics,2
2025-11,domain: external docs,2
2025-11,transform: exclusive_route,1
2025-11,source: prometheus_scrape,1
2025-11,source: prometheus_remote_write,1
2025-11,source: prometheus_pushgateway,1
2025-11,source: mongodb_metrics,1
2025-11,source: journald,1
2025-11,source: datadog_agent,1
2025-11,sink: opentelemetry,1
2025-11,sink: nats,1
2025-11,sink: elasticsearch,1
2025-11,sink: datadog_traces,1
2025-11,sink: datadog_metrics,1
2025-11,sink: blackhole,1
2025-11,sink: azure_blob,1
2025-11,provider: splunk,1
2025-11,provider: azure,1
2025-11,meta: confirmed,1
2025-11,domain: releasing,1
2025-11,domain: performance,1
2025-11,domain: enrichment_tables,1
2025-11,domain: ci,1
2025-11,domain: buffers,1
2025-12,type: feature,6
2025-12,type: bug,3
2025-12,vrl: typedef,1
2025-12,type: enhancement,1
2025-12,source: opentelemetry,1
2025-12,source: nats,1
2025-12,sink: file,1
2025-12,domain: releasing,1
2025-12,domain: metrics,1
2025-12,domain: config,1
2025-12,domain: api,1
2026-01,type: bug,3
2026-01,type: feature,1
2026-01,type: enhancement,1
2026-01,source: opentelemetry,1
2026-01,source: http_server,1
2026-01,source: file,1
2026-01,sink: opentelemetry,1
2026-01,sink: gcp_cloud_storage,1
2026-01,domain: releasing,1
2026-01,domain: external docs,1
2026-02,type: bug,2
2026-02,source: mqtt,1
2026-02,sink: clickhouse,1
2026-02,sink: aws_cloudwatch_metrics,1
2026-02,provider: azure,1
2026-02,provider: aws,1
2026-02,domain: security,1
2026-02,domain: external docs,1
2026-03,domain: codecs,4
2026-03,source: opentelemetry,3
2026-03,type: tech debt,1
2026-03,type: bug,1
2026-03,transform: sample,1
2026-03,source: nats,1
2026-03,source: http_server,1
2026-03,source: file,1
2026-03,sink: prometheus_exporter,1
2026-03,sink: gcp_stackdriver_logs,1
2026-03,sink: elasticsearch,1
2026-03,platform: kubernetes,1
2026-03,needs: more info,1
2026-03,meta: blocked,1
2026-03,domain: topology,1
2026-03,domain: releasing,1
2026-03,domain: opentelemetry,1
2026-03,domain: memory,1
2026-03,domain: deps,1
2026-03,domain: config,1
2026-03,domain: buffers,1
2026-03,dependencies,1
2026-04,platform: kubernetes,2
2026-04,transform: aws_ec2_metadata,1
2026-04,source: vector,1
2026-04,source: redis,1
2026-04,source: pulsar,1
2026-04,sink: vector,1
2026-04,sink: pulsar,1
2026-04,sink: azure_monitor_logs,1
2026-04,sink: azure_blob,1
2026-04,sink: aws_s3,1
2026-04,provider: azure,1
2026-04,domain: releasing,1
2026-04,domain: observability,1
2026-04,domain: metrics,1
2026-04,domain: ci,1
2026-04,domain: api,1
